/*
Navicat MySQL Data Transfer

Source Server         : local
Source Server Version : 100113
Source Host           : localhost:3306
Source Database       : eapi

Target Server Type    : MYSQL
Target Server Version : 100113
File Encoding         : 65001

Date: 2018-05-14 14:38:16
*/

SET FOREIGN_KEY_CHECKS=0;

-- ----------------------------
-- Table structure for migrations
-- ----------------------------
DROP TABLE IF EXISTS `migrations`;
CREATE TABLE `migrations` (
  `id` int(10) unsigned NOT NULL AUTO_INCREMENT,
  `migration` varchar(191) COLLATE utf8mb4_unicode_ci NOT NULL,
  `batch` int(11) NOT NULL,
  PRIMARY KEY (`id`)
) ENGINE=InnoDB AUTO_INCREMENT=5 DEFAULT CHARSET=utf8mb4 COLLATE=utf8mb4_unicode_ci;

-- ----------------------------
-- Records of migrations
-- ----------------------------
INSERT INTO `migrations` VALUES ('1', '2014_10_12_000000_create_users_table', '1');
INSERT INTO `migrations` VALUES ('2', '2014_10_12_100000_create_password_resets_table', '1');
INSERT INTO `migrations` VALUES ('3', '2018_05_14_065042_create_products_table', '1');
INSERT INTO `migrations` VALUES ('4', '2018_05_14_065131_create_reviews_table', '1');

-- ----------------------------
-- Table structure for password_resets
-- ----------------------------
DROP TABLE IF EXISTS `password_resets`;
CREATE TABLE `password_resets` (
  `email` varchar(191) COLLATE utf8mb4_unicode_ci NOT NULL,
  `token` varchar(191) COLLATE utf8mb4_unicode_ci NOT NULL,
  `created_at` timestamp NULL DEFAULT NULL,
  KEY `password_resets_email_index` (`email`)
) ENGINE=InnoDB DEFAULT CHARSET=utf8mb4 COLLATE=utf8mb4_unicode_ci;

-- ----------------------------
-- Records of password_resets
-- ----------------------------

-- ----------------------------
-- Table structure for products
-- ----------------------------
DROP TABLE IF EXISTS `products`;
CREATE TABLE `products` (
  `id` int(10) unsigned NOT NULL AUTO_INCREMENT,
  `name` varchar(191) COLLATE utf8mb4_unicode_ci NOT NULL,
  `detail` text COLLATE utf8mb4_unicode_ci NOT NULL,
  `price` int(11) NOT NULL,
  `stock` int(11) NOT NULL,
  `discount` int(11) NOT NULL,
  `created_at` timestamp NULL DEFAULT NULL,
  `updated_at` timestamp NULL DEFAULT NULL,
  PRIMARY KEY (`id`)
) ENGINE=InnoDB AUTO_INCREMENT=101 DEFAULT CHARSET=utf8mb4 COLLATE=utf8mb4_unicode_ci;

-- ----------------------------
-- Records of products
-- ----------------------------
INSERT INTO `products` VALUES ('1', 'quo', 'Tempora ipsam ut quo aut dolore natus. Vitae modi autem dignissimos doloremque cum. Sit rerum officiis delectus quasi ut voluptas eius.', '290', '4', '27', '2018-05-14 07:23:18', '2018-05-14 07:23:18');
INSERT INTO `products` VALUES ('2', 'voluptate', 'Velit pariatur quia beatae iste. Inventore aut alias ut corrupti in excepturi qui.', '427', '0', '25', '2018-05-14 07:23:18', '2018-05-14 07:23:18');
INSERT INTO `products` VALUES ('3', 'voluptatibus', 'Accusamus quod enim cupiditate fuga sunt qui. Saepe qui eius ea laborum cumque. Aut earum saepe nulla quibusdam non ipsa.', '433', '6', '22', '2018-05-14 07:23:18', '2018-05-14 07:23:18');
INSERT INTO `products` VALUES ('4', 'quibusdam', 'Vero similique at aperiam sunt tenetur facere. Est repellat qui aut nemo sit qui nemo consequatur. Suscipit expedita cum sit aut qui provident.', '975', '8', '2', '2018-05-14 07:23:18', '2018-05-14 07:23:18');
INSERT INTO `products` VALUES ('5', 'dolores', 'Ut aspernatur consectetur quia sed assumenda. Tempore voluptatibus culpa deserunt eum. Voluptatibus illum libero sunt deleniti enim voluptas. Saepe dolores error sapiente repudiandae.', '265', '0', '30', '2018-05-14 07:23:18', '2018-05-14 07:23:18');
INSERT INTO `products` VALUES ('6', 'voluptatem', 'Qui ad natus consequatur illum architecto. Sunt sed consequatur dolorum iusto velit omnis. Voluptate id harum doloremque voluptatem maiores rem.', '594', '8', '26', '2018-05-14 07:23:18', '2018-05-14 07:23:18');
INSERT INTO `products` VALUES ('7', 'occaecati', 'Deleniti qui animi est inventore aut aspernatur fugiat. Id numquam consequatur voluptates sint. Voluptates qui error quibusdam.', '226', '7', '23', '2018-05-14 07:23:18', '2018-05-14 07:23:18');
INSERT INTO `products` VALUES ('8', 'est', 'Sapiente consequatur nobis porro. Similique error tempora dolore aut sequi dolorem. Reprehenderit illo quia quas qui quo fuga eum suscipit. Reiciendis est enim incidunt praesentium delectus et sit.', '530', '0', '24', '2018-05-14 07:23:18', '2018-05-14 07:23:18');
INSERT INTO `products` VALUES ('9', 'possimus', 'Harum illo temporibus fugit quia vitae incidunt error. Eligendi alias laboriosam rerum et asperiores consequatur voluptas. Adipisci totam praesentium dolorem esse et. Et reiciendis incidunt possimus distinctio excepturi et molestiae.', '740', '7', '4', '2018-05-14 07:23:18', '2018-05-14 07:23:18');
INSERT INTO `products` VALUES ('10', 'sequi', 'Voluptate veniam suscipit in. Tempora dolor ab quod nulla eos quas et. Voluptatum consequatur dolor non officia.', '899', '8', '22', '2018-05-14 07:23:18', '2018-05-14 07:23:18');
INSERT INTO `products` VALUES ('11', 'dolores', 'Dolor sit autem neque qui. Dolor aut perspiciatis et porro labore omnis dolor. Consequatur doloribus consequatur mollitia magnam fugiat pariatur exercitationem consequatur. Adipisci perspiciatis repudiandae et ut.', '325', '9', '13', '2018-05-14 07:23:18', '2018-05-14 07:23:18');
INSERT INTO `products` VALUES ('12', 'similique', 'Reprehenderit consequatur autem ut maiores maiores reprehenderit dolor et. Veniam voluptas ut temporibus vero incidunt nobis. Similique soluta provident veritatis tempore qui a. Aliquid velit enim vitae excepturi quia.', '873', '4', '10', '2018-05-14 07:23:18', '2018-05-14 07:23:18');
INSERT INTO `products` VALUES ('13', 'ullam', 'Vero et dolore tempora ea. Dicta voluptas voluptates nobis quas et sequi. Amet saepe veritatis et illo reiciendis alias quaerat. Temporibus ducimus rem ipsum totam rerum sint repellendus.', '972', '2', '28', '2018-05-14 07:23:18', '2018-05-14 07:23:18');
INSERT INTO `products` VALUES ('14', 'voluptatem', 'Quos aut et ullam ratione cupiditate aut repudiandae. Aut deserunt maiores et consequatur provident ipsa quos cumque.', '345', '1', '6', '2018-05-14 07:23:18', '2018-05-14 07:23:18');
INSERT INTO `products` VALUES ('15', 'molestiae', 'Quasi ea non magnam est reprehenderit repudiandae. Rerum nostrum quia quibusdam aut non.', '788', '8', '14', '2018-05-14 07:23:18', '2018-05-14 07:23:18');
INSERT INTO `products` VALUES ('16', 'aut', 'Et eveniet ut ut eum animi sint. Sed non sint et recusandae. Optio nesciunt sed voluptatibus magnam eos velit.', '728', '9', '6', '2018-05-14 07:23:18', '2018-05-14 07:23:18');
INSERT INTO `products` VALUES ('17', 'assumenda', 'Nisi nobis non qui dolorem. Magnam eveniet libero dolorum id delectus aut sequi. Fugit corrupti fuga et eos nesciunt dolores nam est.', '679', '6', '29', '2018-05-14 07:23:18', '2018-05-14 07:23:18');
INSERT INTO `products` VALUES ('18', 'rem', 'Soluta corporis modi quas quod consectetur deleniti. Omnis sit id qui eaque sequi blanditiis omnis. Molestias dolor autem saepe et id rerum voluptatem sunt. Enim eius maiores aut pariatur.', '272', '9', '12', '2018-05-14 07:23:18', '2018-05-14 07:23:18');
INSERT INTO `products` VALUES ('19', 'voluptatem', 'Sed saepe cum ducimus debitis tempora alias et doloremque. Eaque qui rerum consequatur eveniet aut perferendis tempore.', '350', '4', '8', '2018-05-14 07:23:18', '2018-05-14 07:23:18');
INSERT INTO `products` VALUES ('20', 'ducimus', 'Velit alias deleniti ratione sit ut omnis provident. Voluptatem sapiente laudantium magni itaque veritatis pariatur est. Fugiat delectus unde molestias porro deserunt. Quisquam doloribus praesentium accusamus esse.', '521', '8', '7', '2018-05-14 07:23:18', '2018-05-14 07:23:18');
INSERT INTO `products` VALUES ('21', 'odit', 'Itaque et sit voluptas ea voluptatibus asperiores. Qui tempore est esse quo alias quo est rerum. Quidem sed libero rerum quos nulla quia placeat. Vitae voluptatum ea voluptas sequi et enim.', '810', '0', '20', '2018-05-14 07:23:18', '2018-05-14 07:23:18');
INSERT INTO `products` VALUES ('22', 'possimus', 'Eveniet voluptatem illo molestias laudantium et. Voluptatem in reiciendis id. Et adipisci dicta et distinctio.', '708', '6', '21', '2018-05-14 07:23:18', '2018-05-14 07:23:18');
INSERT INTO `products` VALUES ('23', 'quia', 'Labore soluta velit iusto illum praesentium. Ut optio ut voluptatem dolor enim. Facilis magni beatae ea consectetur non. Dolorem animi ut nesciunt nihil vel tempora.', '622', '8', '2', '2018-05-14 07:23:18', '2018-05-14 07:23:18');
INSERT INTO `products` VALUES ('24', 'dolore', 'Hic rerum non corrupti architecto aperiam eaque. Nulla fugit magni error repudiandae. Quo quos veritatis nostrum assumenda nobis provident possimus.', '485', '1', '26', '2018-05-14 07:23:18', '2018-05-14 07:23:18');
INSERT INTO `products` VALUES ('25', 'quam', 'Blanditiis ipsum quisquam aliquam. Ut et omnis voluptatem. Sed quasi cum eum distinctio deleniti nihil. Dolorem voluptatum omnis quos cupiditate distinctio.', '446', '6', '29', '2018-05-14 07:23:18', '2018-05-14 07:23:18');
INSERT INTO `products` VALUES ('26', 'cum', 'Molestias quia error libero repellat reiciendis. Et aut quam harum cumque ex adipisci eos mollitia. Accusantium non magnam deleniti optio repellendus ut. Consectetur hic voluptatibus ut doloribus.', '806', '7', '24', '2018-05-14 07:23:18', '2018-05-14 07:23:18');
INSERT INTO `products` VALUES ('27', 'nihil', 'Deserunt fuga tenetur omnis recusandae et cumque autem deserunt. Architecto atque voluptate ut eos expedita. Ipsa neque at eveniet et voluptas id. Numquam esse enim qui veniam distinctio.', '969', '6', '28', '2018-05-14 07:23:18', '2018-05-14 07:23:18');
INSERT INTO `products` VALUES ('28', 'non', 'Mollitia et itaque ab ut quo quia. Odio fugit aut est aut libero occaecati. Perferendis ex et est voluptatum et. Placeat fugiat voluptas voluptate et consequatur perspiciatis. Ut recusandae facilis iure nemo.', '293', '4', '18', '2018-05-14 07:23:18', '2018-05-14 07:23:18');
INSERT INTO `products` VALUES ('29', 'sunt', 'Corrupti laborum qui est et incidunt. Quas corrupti et corrupti placeat dolore ut ut. Expedita in ullam voluptatem minus reprehenderit consequatur sunt. Quaerat aut quis corrupti ipsam provident ut incidunt dolor.', '711', '2', '18', '2018-05-14 07:23:18', '2018-05-14 07:23:18');
INSERT INTO `products` VALUES ('30', 'officiis', 'Sunt omnis est nostrum quo a perspiciatis. Ratione qui cupiditate voluptates voluptatem. Nam nesciunt dolor et quo. Velit magnam eius reprehenderit est vero ipsa sit.', '387', '4', '8', '2018-05-14 07:23:18', '2018-05-14 07:23:18');
INSERT INTO `products` VALUES ('31', 'nemo', 'Vero qui sint nihil culpa minima repudiandae quia et. Vel consequatur ipsa non numquam cum voluptas aliquam. Sunt quisquam praesentium est illum praesentium. Corporis quisquam culpa enim molestiae et est.', '518', '6', '3', '2018-05-14 07:23:18', '2018-05-14 07:23:18');
INSERT INTO `products` VALUES ('32', 'aspernatur', 'Ut qui id beatae vero occaecati reprehenderit similique. Accusantium nulla deserunt perspiciatis accusantium odit aliquam. Consequatur omnis earum itaque.', '223', '8', '25', '2018-05-14 07:23:18', '2018-05-14 07:23:18');
INSERT INTO `products` VALUES ('33', 'qui', 'Distinctio quia maiores est omnis neque. Autem non explicabo ut dolores et. Sit est necessitatibus eos nam possimus.', '190', '5', '14', '2018-05-14 07:23:18', '2018-05-14 07:23:18');
INSERT INTO `products` VALUES ('34', 'labore', 'Iste soluta consequatur omnis doloribus consequuntur. Iusto quidem id vero optio. Libero maiores accusantium non.', '125', '8', '3', '2018-05-14 07:23:18', '2018-05-14 07:23:18');
INSERT INTO `products` VALUES ('35', 'ab', 'Rerum excepturi molestiae et commodi voluptatem nisi. Ea aliquam nobis laborum aliquid ipsum consequatur voluptate libero. Dolores reiciendis assumenda dolores tenetur dolorum voluptas.', '326', '7', '26', '2018-05-14 07:23:18', '2018-05-14 07:23:18');
INSERT INTO `products` VALUES ('36', 'sunt', 'Nostrum cupiditate excepturi suscipit ut minima. Culpa molestias occaecati beatae est. Error et voluptatem tempore tempore eius.', '706', '7', '15', '2018-05-14 07:23:18', '2018-05-14 07:23:18');
INSERT INTO `products` VALUES ('37', 'nobis', 'In doloremque et illum voluptas libero vel ut provident. Non consequatur et sit assumenda porro laboriosam. Mollitia autem atque sint et cum. Provident similique animi eaque praesentium voluptatum.', '930', '6', '27', '2018-05-14 07:23:18', '2018-05-14 07:23:18');
INSERT INTO `products` VALUES ('38', 'in', 'Hic corporis magnam et. Officiis id veritatis quae esse nobis qui eum. Cumque et molestiae debitis sunt rerum.', '718', '5', '14', '2018-05-14 07:23:18', '2018-05-14 07:23:18');
INSERT INTO `products` VALUES ('39', 'ipsa', 'Voluptas aliquam iusto ut provident quo. Architecto repellat est quis facere. Incidunt explicabo et sunt porro. Placeat quam sequi amet autem ut in non. Repellat consequatur laudantium eum reiciendis similique.', '607', '2', '23', '2018-05-14 07:23:18', '2018-05-14 07:23:18');
INSERT INTO `products` VALUES ('40', 'aut', 'Sint est neque autem error mollitia non. Vel voluptas at fuga sint aut. Fugit culpa nesciunt magni ab aliquam non ipsa molestiae.', '842', '9', '23', '2018-05-14 07:23:18', '2018-05-14 07:23:18');
INSERT INTO `products` VALUES ('41', 'voluptatum', 'Natus voluptatem aperiam autem modi magnam distinctio esse. Quo tempora omnis qui inventore cumque ducimus distinctio quia. Et excepturi iure autem sed quis sint sed. Sed voluptatem sunt quia esse animi.', '801', '6', '22', '2018-05-14 07:23:18', '2018-05-14 07:23:18');
INSERT INTO `products` VALUES ('42', 'natus', 'Rem consectetur numquam hic eum dolor. Dolorem officiis perferendis sunt ipsa quaerat velit voluptatum voluptatem. Molestiae nulla ut voluptates dolorem officia deserunt aut.', '552', '7', '24', '2018-05-14 07:23:18', '2018-05-14 07:23:18');
INSERT INTO `products` VALUES ('43', 'odio', 'Id et omnis repudiandae omnis aliquam voluptatum. Et illo sunt et in quis numquam et voluptatem. Nostrum consectetur voluptate sunt iure quibusdam nobis rem nisi. Illo veniam aut sed temporibus doloribus necessitatibus modi.', '962', '0', '13', '2018-05-14 07:23:18', '2018-05-14 07:23:18');
INSERT INTO `products` VALUES ('44', 'aut', 'Non quo aspernatur perferendis sint ut libero quis. Quia iure praesentium earum eaque aliquid rerum. Et maiores dolorem sed doloribus unde nihil deleniti. Perspiciatis ipsam veritatis dolorum at dolor a sint neque.', '224', '3', '18', '2018-05-14 07:23:18', '2018-05-14 07:23:18');
INSERT INTO `products` VALUES ('45', 'ex', 'Non ex vero id et quam doloribus illo. Eaque quisquam enim error dicta expedita. Possimus porro vero sapiente quod aspernatur neque. A fugit possimus ipsa est et enim totam.', '531', '1', '10', '2018-05-14 07:23:18', '2018-05-14 07:23:18');
INSERT INTO `products` VALUES ('46', 'sit', 'Impedit quia dolores consequatur quia amet. Dolorem error aut eum in qui eaque. Voluptatem consectetur voluptas sit.', '511', '6', '19', '2018-05-14 07:23:18', '2018-05-14 07:23:18');
INSERT INTO `products` VALUES ('47', 'at', 'Similique et odit impedit quae. Occaecati dolorum et officia. Voluptatem amet et voluptates maiores assumenda totam reprehenderit. Et sapiente tenetur sint autem alias.', '183', '0', '10', '2018-05-14 07:23:18', '2018-05-14 07:23:18');
INSERT INTO `products` VALUES ('48', 'eius', 'Officia consequatur aut ratione ad nihil vitae unde. Ut est magnam et dolor dignissimos pariatur quo.', '671', '7', '9', '2018-05-14 07:23:18', '2018-05-14 07:23:18');
INSERT INTO `products` VALUES ('49', 'illum', 'Necessitatibus iure ut voluptate officiis eligendi assumenda. Perferendis porro quia nulla nulla nihil eos officia qui.', '881', '5', '7', '2018-05-14 07:23:18', '2018-05-14 07:23:18');
INSERT INTO `products` VALUES ('50', 'aut', 'Enim ut nam vitae et enim. Quasi itaque sapiente quia libero neque. Enim quos facere dolor quis ducimus fuga. Autem possimus nobis velit eaque labore nihil cupiditate.', '215', '7', '7', '2018-05-14 07:23:18', '2018-05-14 07:23:18');
INSERT INTO `products` VALUES ('51', 'vero', 'Cum est saepe aperiam omnis esse pariatur mollitia. Dicta nihil sint soluta fugit sed. Incidunt commodi commodi quia perferendis.', '311', '0', '11', '2018-05-14 07:36:27', '2018-05-14 07:36:27');
INSERT INTO `products` VALUES ('52', 'asperiores', 'Non culpa sed eius assumenda qui adipisci. Odit et est tenetur consequatur perspiciatis.', '203', '7', '29', '2018-05-14 07:36:27', '2018-05-14 07:36:27');
INSERT INTO `products` VALUES ('53', 'quos', 'Dolores laudantium omnis eligendi aperiam. Corrupti accusamus in autem et quo. Sint voluptate quia laborum nam dolorem. Omnis consequatur itaque inventore omnis.', '437', '1', '14', '2018-05-14 07:36:27', '2018-05-14 07:36:27');
INSERT INTO `products` VALUES ('54', 'aut', 'Quis ut harum debitis accusamus provident iste adipisci reiciendis. In non corrupti aliquid officia. Eius delectus dolor qui.', '632', '0', '27', '2018-05-14 07:36:27', '2018-05-14 07:36:27');
INSERT INTO `products` VALUES ('55', 'culpa', 'Voluptatem rerum ipsum nostrum incidunt. Voluptate expedita nesciunt qui officiis magnam. Minima dolorum doloribus qui reiciendis occaecati. Velit earum occaecati ut aut.', '547', '6', '3', '2018-05-14 07:36:27', '2018-05-14 07:36:27');
INSERT INTO `products` VALUES ('56', 'ab', 'Suscipit numquam debitis quo. Inventore beatae sint voluptas quo. Sed omnis ipsa nihil ducimus aut corrupti. Qui porro quasi perspiciatis eum voluptatibus.', '449', '4', '6', '2018-05-14 07:36:27', '2018-05-14 07:36:27');
INSERT INTO `products` VALUES ('57', 'commodi', 'Sapiente sint et facere aperiam quisquam magni pariatur. Quisquam praesentium molestias rerum quo mollitia explicabo et voluptas. Voluptatem est modi eaque adipisci. Rerum ut optio doloremque aut id eum laborum eos.', '406', '8', '10', '2018-05-14 07:36:27', '2018-05-14 07:36:27');
INSERT INTO `products` VALUES ('58', 'perspiciatis', 'Sit at autem quibusdam odio commodi. Eveniet dolores accusamus veniam laborum commodi enim. Et minus qui inventore commodi provident assumenda. Commodi quibusdam qui veritatis nihil quaerat.', '374', '9', '25', '2018-05-14 07:36:27', '2018-05-14 07:36:27');
INSERT INTO `products` VALUES ('59', 'reiciendis', 'Rerum at hic veritatis eius corporis nihil. Ut ut ut adipisci. Voluptatem eius natus explicabo ab maxime. Sed repellat repellat nisi unde.', '274', '0', '28', '2018-05-14 07:36:27', '2018-05-14 07:36:27');
INSERT INTO `products` VALUES ('60', 'provident', 'Facilis rerum ad enim. Ad in voluptatum et reiciendis doloribus.', '195', '3', '20', '2018-05-14 07:36:27', '2018-05-14 07:36:27');
INSERT INTO `products` VALUES ('61', 'recusandae', 'Cum fugiat in inventore ipsum totam. Fugiat est ea voluptates rerum ipsum repellendus. Voluptatem nobis perspiciatis aut ut. Facere et similique et facere hic ducimus omnis.', '168', '5', '11', '2018-05-14 07:36:27', '2018-05-14 07:36:27');
INSERT INTO `products` VALUES ('62', 'voluptas', 'Tenetur perferendis alias impedit et velit voluptates quia ex. Ullam vitae debitis adipisci esse quas. Officia et quod voluptatibus velit voluptatem eum vero soluta.', '533', '5', '7', '2018-05-14 07:36:27', '2018-05-14 07:36:27');
INSERT INTO `products` VALUES ('63', 'accusamus', 'Doloremque voluptas cum esse voluptatem aspernatur in. Dolores sed tempore quia dolorem. Laboriosam eos adipisci est alias. Non similique ea dolorem laudantium veniam omnis.', '757', '0', '24', '2018-05-14 07:36:27', '2018-05-14 07:36:27');
INSERT INTO `products` VALUES ('64', 'eligendi', 'Sed eos odio delectus eum dolore impedit. Non consequuntur dolorum ut minus. Occaecati minus id aut ipsa.', '142', '9', '13', '2018-05-14 07:36:27', '2018-05-14 07:36:27');
INSERT INTO `products` VALUES ('65', 'autem', 'Fugiat aperiam facilis harum quasi dignissimos. Est soluta iste harum molestiae omnis provident. Ullam sint quos doloremque ipsam voluptas minus natus quae. Explicabo consequatur dolor eveniet corporis.', '949', '1', '29', '2018-05-14 07:36:27', '2018-05-14 07:36:27');
INSERT INTO `products` VALUES ('66', 'assumenda', 'Aut quia voluptas qui saepe. Quia quos inventore necessitatibus magni sed. Ad rem excepturi hic ipsa occaecati.', '488', '1', '2', '2018-05-14 07:36:27', '2018-05-14 07:36:27');
INSERT INTO `products` VALUES ('67', 'ut', 'At veritatis modi illo nam ex. Eos est eum aut repellat. Perferendis libero enim iure sed velit itaque omnis. Fugit dolor minus inventore magnam pariatur porro.', '841', '4', '5', '2018-05-14 07:36:27', '2018-05-14 07:36:27');
INSERT INTO `products` VALUES ('68', 'quam', 'Perferendis totam aut expedita sed dignissimos. Delectus error dolor adipisci ullam et laborum. Et id et fuga consequatur asperiores maxime.', '894', '2', '28', '2018-05-14 07:36:27', '2018-05-14 07:36:27');
INSERT INTO `products` VALUES ('69', 'et', 'Laborum exercitationem beatae exercitationem illum. Qui est cupiditate dolor sit. Recusandae quaerat cum exercitationem sed nostrum.', '322', '9', '8', '2018-05-14 07:36:27', '2018-05-14 07:36:27');
INSERT INTO `products` VALUES ('70', 'quis', 'Laborum debitis corrupti veritatis at aut impedit. Delectus velit id eos velit. Nihil ut harum est.', '786', '4', '30', '2018-05-14 07:36:27', '2018-05-14 07:36:27');
INSERT INTO `products` VALUES ('71', 'occaecati', 'Rerum sint qui maiores et nostrum. Illum necessitatibus nobis et qui dolore repellendus. At quos quia culpa reiciendis optio.', '435', '9', '28', '2018-05-14 07:36:27', '2018-05-14 07:36:27');
INSERT INTO `products` VALUES ('72', 'nisi', 'Aut quibusdam quisquam est laboriosam laboriosam minus dolorem. Temporibus quibusdam praesentium dolores et. Dolorem enim facere animi porro.', '163', '6', '20', '2018-05-14 07:36:27', '2018-05-14 07:36:27');
INSERT INTO `products` VALUES ('73', 'accusamus', 'Tenetur quibusdam repudiandae magni praesentium non. Velit dolor dolorum autem qui aut consequuntur. Distinctio excepturi temporibus nihil tempore ut occaecati voluptas.', '935', '2', '19', '2018-05-14 07:36:27', '2018-05-14 07:36:27');
INSERT INTO `products` VALUES ('74', 'maiores', 'Quo in assumenda quam possimus sit. Molestias eos quia fugit qui vel.', '202', '0', '12', '2018-05-14 07:36:27', '2018-05-14 07:36:27');
INSERT INTO `products` VALUES ('75', 'ipsum', 'Nostrum laudantium est optio error ab. Voluptatem illo qui aut totam ratione molestiae ratione. Unde et deserunt nam natus dolore.', '842', '0', '15', '2018-05-14 07:36:27', '2018-05-14 07:36:27');
INSERT INTO `products` VALUES ('76', 'neque', 'Ad est ipsum necessitatibus et ut. Esse repellendus saepe cumque debitis et. Aliquam dolores amet natus praesentium maxime. Magnam ratione adipisci sint optio.', '383', '2', '7', '2018-05-14 07:36:27', '2018-05-14 07:36:27');
INSERT INTO `products` VALUES ('77', 'unde', 'Sed est necessitatibus earum. Deleniti atque voluptatem similique molestias. Inventore quasi neque accusantium modi iste assumenda ex.', '860', '8', '30', '2018-05-14 07:36:27', '2018-05-14 07:36:27');
INSERT INTO `products` VALUES ('78', 'officia', 'Ut dolores velit voluptatem libero aut dolores autem. Voluptatum voluptatem est explicabo qui recusandae ut. Non esse adipisci et provident ut quae ea. Ratione odit ad qui quidem modi aut minima.', '800', '5', '24', '2018-05-14 07:36:27', '2018-05-14 07:36:27');
INSERT INTO `products` VALUES ('79', 'reiciendis', 'Occaecati suscipit autem laboriosam consequuntur totam labore. Perspiciatis veritatis voluptatum nostrum et non optio. In iure consequatur commodi autem in impedit saepe dolor. Exercitationem dolore sed vero sapiente. Quia temporibus modi ut eveniet.', '482', '9', '20', '2018-05-14 07:36:27', '2018-05-14 07:36:27');
INSERT INTO `products` VALUES ('80', 'aut', 'Assumenda distinctio commodi voluptatum libero. Vitae dolor sunt qui reprehenderit temporibus animi est. Quam est est voluptatum beatae itaque consequatur.', '318', '6', '30', '2018-05-14 07:36:27', '2018-05-14 07:36:27');
INSERT INTO `products` VALUES ('81', 'tempora', 'Illum asperiores enim nostrum aut quod et. Hic aliquam autem voluptatem est eveniet ea eligendi. Necessitatibus nostrum consectetur pariatur quis dolores quia architecto.', '726', '7', '15', '2018-05-14 07:36:27', '2018-05-14 07:36:27');
INSERT INTO `products` VALUES ('82', 'qui', 'Natus itaque voluptates laborum perferendis. Suscipit dolore non quo qui impedit hic. Enim et suscipit magnam dolores.', '938', '0', '18', '2018-05-14 07:36:27', '2018-05-14 07:36:27');
INSERT INTO `products` VALUES ('83', 'et', 'Aut beatae unde eligendi amet ut. Ut quaerat aliquam officia ea quia eaque.', '917', '7', '11', '2018-05-14 07:36:27', '2018-05-14 07:36:27');
INSERT INTO `products` VALUES ('84', 'omnis', 'Quasi dignissimos repudiandae voluptatibus voluptatem veniam autem officia. Qui hic id iusto delectus. Eaque quibusdam reprehenderit aut molestias sunt delectus. Fugit iusto harum consequuntur debitis ut aut soluta autem.', '774', '3', '12', '2018-05-14 07:36:27', '2018-05-14 07:36:27');
INSERT INTO `products` VALUES ('85', 'aut', 'Quia nulla rem earum soluta dolorem ea. Velit ut consequatur culpa nobis totam. Praesentium dolore inventore autem nihil autem voluptatum possimus.', '256', '3', '21', '2018-05-14 07:36:27', '2018-05-14 07:36:27');
INSERT INTO `products` VALUES ('86', 'ipsum', 'Esse repellendus repellendus ullam tempore. Dolorem tempora vel nostrum aliquid non. Consequatur est nesciunt aspernatur. Voluptatibus consequatur blanditiis commodi fugiat.', '260', '2', '10', '2018-05-14 07:36:27', '2018-05-14 07:36:27');
INSERT INTO `products` VALUES ('87', 'laudantium', 'Aspernatur recusandae cum illum. Libero expedita est accusamus explicabo et laudantium itaque. In quam molestiae vitae labore esse similique.', '992', '9', '7', '2018-05-14 07:36:27', '2018-05-14 07:36:27');
INSERT INTO `products` VALUES ('88', 'saepe', 'Doloribus ex in quidem non et nihil. Quibusdam eum ducimus et aut ut cupiditate nihil. Inventore consectetur error et quas deleniti ipsam est. Odio exercitationem error eum modi aliquid iusto fugit voluptatem.', '319', '5', '8', '2018-05-14 07:36:27', '2018-05-14 07:36:27');
INSERT INTO `products` VALUES ('89', 'quaerat', 'Asperiores sed ullam eos. Molestiae eveniet doloribus explicabo praesentium. Ipsum placeat aliquam eaque natus animi eos et.', '292', '8', '24', '2018-05-14 07:36:27', '2018-05-14 07:36:27');
INSERT INTO `products` VALUES ('90', 'ullam', 'Corporis consequuntur provident sit ipsam ut rerum voluptate. Est vel inventore unde quas. Quas voluptatem aperiam quod repellendus qui tempora. Nobis explicabo rerum ea optio perferendis.', '836', '2', '20', '2018-05-14 07:36:27', '2018-05-14 07:36:27');
INSERT INTO `products` VALUES ('91', 'nihil', 'Non doloribus consequatur ut et est in. Odio nisi consequatur aspernatur. Libero eaque at accusantium cumque praesentium.', '590', '8', '10', '2018-05-14 07:36:27', '2018-05-14 07:36:27');
INSERT INTO `products` VALUES ('92', 'architecto', 'Ipsam accusamus qui eos sint fugit voluptates. Rerum sunt assumenda laborum pariatur molestiae quia. Non eos eveniet omnis vel quaerat quaerat laborum fuga.', '143', '0', '30', '2018-05-14 07:36:27', '2018-05-14 07:36:27');
INSERT INTO `products` VALUES ('93', 'ipsum', 'At unde quam quisquam animi. Neque laudantium officia sunt eius iure molestias dolore. Aut sit optio non quae ut reiciendis quas. Sunt consectetur voluptas saepe alias ex tenetur. Laboriosam provident est recusandae aut beatae.', '603', '4', '29', '2018-05-14 07:36:27', '2018-05-14 07:36:27');
INSERT INTO `products` VALUES ('94', 'officia', 'Accusamus nam ut eum perspiciatis. Deleniti nihil esse eveniet. Sit ea magnam iste quibusdam. Et provident vel fuga alias in veniam. Occaecati voluptatem provident officiis debitis autem.', '430', '0', '24', '2018-05-14 07:36:27', '2018-05-14 07:36:27');
INSERT INTO `products` VALUES ('95', 'amet', 'Sunt dignissimos saepe quisquam enim exercitationem ut unde. Beatae quam nihil eum et itaque perspiciatis. Repellat et repellendus aut animi fugiat est. Ut ipsa inventore sit voluptas neque nulla natus quia.', '999', '2', '28', '2018-05-14 07:36:27', '2018-05-14 07:36:27');
INSERT INTO `products` VALUES ('96', 'corrupti', 'Sed quidem cum voluptatem laboriosam. Eum non modi quia consequatur culpa.', '564', '2', '15', '2018-05-14 07:36:27', '2018-05-14 07:36:27');
INSERT INTO `products` VALUES ('97', 'atque', 'Illum sunt aut aspernatur autem ut. Architecto aut aperiam a voluptates. Sit nesciunt et accusantium. Amet provident aspernatur explicabo ipsam quos tenetur aut.', '746', '5', '23', '2018-05-14 07:36:27', '2018-05-14 07:36:27');
INSERT INTO `products` VALUES ('98', 'qui', 'Repudiandae nobis tempora nesciunt et saepe est saepe. Officiis cumque rerum ut dolore quia. Occaecati qui vel iure omnis eaque ex.', '382', '6', '8', '2018-05-14 07:36:27', '2018-05-14 07:36:27');
INSERT INTO `products` VALUES ('99', 'molestias', 'Totam quis incidunt quisquam deleniti consequatur. In alias est sit iste ut consequatur sunt. Expedita enim libero delectus. Voluptatem qui provident qui debitis sit quam repellat nihil.', '310', '0', '11', '2018-05-14 07:36:27', '2018-05-14 07:36:27');
INSERT INTO `products` VALUES ('100', 'sunt', 'Excepturi autem enim repellat necessitatibus dicta exercitationem et. Voluptatem minus reprehenderit vero recusandae cupiditate at. Quas suscipit rerum dicta numquam sunt qui. Sit et temporibus aut sint.', '257', '8', '11', '2018-05-14 07:36:27', '2018-05-14 07:36:27');

-- ----------------------------
-- Table structure for reviews
-- ----------------------------
DROP TABLE IF EXISTS `reviews`;
CREATE TABLE `reviews` (
  `id` int(10) unsigned NOT NULL AUTO_INCREMENT,
  `product_id` int(10) unsigned NOT NULL,
  `customer` varchar(191) COLLATE utf8mb4_unicode_ci NOT NULL,
  `review` text COLLATE utf8mb4_unicode_ci NOT NULL,
  `star` int(11) NOT NULL,
  `created_at` timestamp NULL DEFAULT NULL,
  `updated_at` timestamp NULL DEFAULT NULL,
  PRIMARY KEY (`id`),
  KEY `reviews_product_id_index` (`product_id`),
  CONSTRAINT `reviews_product_id_foreign` FOREIGN KEY (`product_id`) REFERENCES `products` (`id`) ON DELETE CASCADE
) ENGINE=InnoDB AUTO_INCREMENT=301 DEFAULT CHARSET=utf8mb4 COLLATE=utf8mb4_unicode_ci;

-- ----------------------------
-- Records of reviews
-- ----------------------------
INSERT INTO `reviews` VALUES ('1', '74', 'Shea Pacocha IV', 'Accusamus quis excepturi saepe autem perferendis veritatis. Odio expedita voluptas impedit et a et pariatur. Qui eligendi natus iusto qui pariatur temporibus.', '4', '2018-05-14 07:36:28', '2018-05-14 07:36:28');
INSERT INTO `reviews` VALUES ('2', '79', 'Godfrey Harber DVM', 'Veritatis provident voluptates inventore. Minus magnam repudiandae cupiditate facere. Omnis fugiat ut dignissimos rem eum earum. Sed explicabo iste voluptas cumque odio tenetur aut eveniet.', '2', '2018-05-14 07:36:28', '2018-05-14 07:36:28');
INSERT INTO `reviews` VALUES ('3', '47', 'Toney Jacobs', 'Excepturi qui aliquid aliquid perspiciatis recusandae nostrum maxime. Ut et natus aliquid porro harum qui odit. Eum distinctio ut voluptatibus iure pariatur.', '4', '2018-05-14 07:36:28', '2018-05-14 07:36:28');
INSERT INTO `reviews` VALUES ('4', '26', 'Alexandre Hegmann', 'Laborum exercitationem et modi ut facere ut dicta. Sed nisi eligendi sit enim rerum. Excepturi aspernatur harum architecto ab sit. Quod et quia quas omnis doloribus nihil velit.', '0', '2018-05-14 07:36:28', '2018-05-14 07:36:28');
INSERT INTO `reviews` VALUES ('5', '75', 'Anahi Larkin', 'Est minus quia nihil ea deserunt occaecati. Error itaque explicabo ab. Officiis corrupti fugit sint ut voluptas. Qui recusandae autem porro veritatis delectus molestiae ullam aut.', '0', '2018-05-14 07:36:28', '2018-05-14 07:36:28');
INSERT INTO `reviews` VALUES ('6', '23', 'Prof. Arno Olson PhD', 'Eaque vel ea dolores rerum voluptatum magnam. Quis voluptatem suscipit quibusdam doloremque ut fugit corporis. Sunt corrupti earum numquam vel in qui. Et doloremque non esse exercitationem qui ut. Quam sequi quis voluptas.', '1', '2018-05-14 07:36:28', '2018-05-14 07:36:28');
INSERT INTO `reviews` VALUES ('7', '50', 'Ms. Alysha Herman DDS', 'Ea est quia quasi repellat omnis. Enim sit similique excepturi atque quia minus dolor. Deleniti voluptatem voluptas ducimus. Distinctio vero exercitationem architecto. Dolorum sed occaecati adipisci.', '1', '2018-05-14 07:36:28', '2018-05-14 07:36:28');
INSERT INTO `reviews` VALUES ('8', '84', 'Ova Hilll', 'Minus accusantium delectus perspiciatis. Ut reiciendis magnam aut aperiam. Dicta ex quasi ducimus totam praesentium molestias dignissimos eos.', '2', '2018-05-14 07:36:28', '2018-05-14 07:36:28');
INSERT INTO `reviews` VALUES ('9', '83', 'Mr. Garett Russel', 'Iusto deleniti molestiae tempore eveniet voluptas. Deserunt rerum possimus in occaecati. Blanditiis deleniti quia sequi porro. In consequuntur sapiente nihil.', '3', '2018-05-14 07:36:28', '2018-05-14 07:36:28');
INSERT INTO `reviews` VALUES ('10', '74', 'Libby Adams', 'Numquam atque quis unde ut. Et quod et quam voluptatem impedit repudiandae quia. Enim aut occaecati unde rerum nam inventore. Sint non magnam tenetur beatae nobis.', '3', '2018-05-14 07:36:28', '2018-05-14 07:36:28');
INSERT INTO `reviews` VALUES ('11', '99', 'Ms. Lucienne Dicki', 'Enim doloribus ut eius exercitationem quia tenetur at. Pariatur ullam ipsum quia ut illo architecto in. Iure est reiciendis dicta consequatur. Nihil maiores distinctio nisi ut. Pariatur mollitia ut ut harum.', '3', '2018-05-14 07:36:28', '2018-05-14 07:36:28');
INSERT INTO `reviews` VALUES ('12', '18', 'Prof. Edgardo Skiles', 'Maiores labore reiciendis sequi aliquid ipsa at est. Consequuntur minima voluptatem ut eum aperiam. Non consequatur in autem vel culpa ea velit. Est reprehenderit nihil aperiam sed doloribus. Ipsam libero et dolor debitis nulla quo.', '0', '2018-05-14 07:36:28', '2018-05-14 07:36:28');
INSERT INTO `reviews` VALUES ('13', '83', 'Dave Dach', 'Cupiditate facilis neque consequuntur voluptas ut. Quia ipsum mollitia vel labore quae occaecati voluptas non. Aut harum sit et harum rem ipsum quisquam. Est consectetur delectus at eveniet veniam molestiae ab.', '2', '2018-05-14 07:36:28', '2018-05-14 07:36:28');
INSERT INTO `reviews` VALUES ('14', '84', 'Lori Price', 'Rerum voluptas minima autem excepturi odit. Sint unde iure laboriosam quasi consequatur. Id cum provident commodi culpa reprehenderit quia aut. Totam est tempore fuga dolor et. Consequatur excepturi excepturi rerum et libero quisquam nisi.', '1', '2018-05-14 07:36:28', '2018-05-14 07:36:28');
INSERT INTO `reviews` VALUES ('15', '73', 'Pierce Tromp', 'Eius maiores est voluptas nostrum tempore expedita. Et recusandae dignissimos ipsum labore quaerat dolor. Repellendus ut omnis numquam quis. Cumque dolore ea sed omnis.', '1', '2018-05-14 07:36:28', '2018-05-14 07:36:28');
INSERT INTO `reviews` VALUES ('16', '85', 'Jedediah Dach Jr.', 'Autem fugit laudantium commodi quibusdam quia nihil et. Dicta inventore enim qui dignissimos labore exercitationem ab. Deleniti aut qui tempore aut quis est.', '3', '2018-05-14 07:36:28', '2018-05-14 07:36:28');
INSERT INTO `reviews` VALUES ('17', '50', 'Amya Stracke', 'Ullam est et eligendi nihil. Libero laborum a quam soluta dolor ex. Aut molestiae delectus tenetur non suscipit ea. Quo vel eligendi sunt laborum deleniti.', '4', '2018-05-14 07:36:28', '2018-05-14 07:36:28');
INSERT INTO `reviews` VALUES ('18', '69', 'Mrs. Amanda Howell', 'Mollitia atque ut temporibus nostrum. Vel dolores explicabo autem in quasi fugit. Quia hic ullam recusandae delectus expedita quos atque. Cum minima rerum harum quam impedit dignissimos.', '2', '2018-05-14 07:36:28', '2018-05-14 07:36:28');
INSERT INTO `reviews` VALUES ('19', '47', 'Cynthia King', 'Voluptas adipisci non voluptatibus officia ab. Ratione qui et animi vitae eaque vero quas. Dolorem quo ut est fuga error tempora quidem.', '0', '2018-05-14 07:36:28', '2018-05-14 07:36:28');
INSERT INTO `reviews` VALUES ('20', '27', 'Mrs. Germaine Reilly IV', 'Illo nisi et quae magnam tempore tenetur aut quas. Reiciendis consequatur eligendi molestias doloremque explicabo ipsum voluptates et. Temporibus sed cupiditate labore ut et.', '0', '2018-05-14 07:36:28', '2018-05-14 07:36:28');
INSERT INTO `reviews` VALUES ('21', '26', 'Ms. Imelda Bashirian', 'Et id nemo iure nam sed. Porro est excepturi vero aut eius quo repellat est. Et similique sed nemo in dolorem debitis. Ut et aut incidunt necessitatibus distinctio non.', '2', '2018-05-14 07:36:28', '2018-05-14 07:36:28');
INSERT INTO `reviews` VALUES ('22', '80', 'Lori Mohr', 'Sit dignissimos vero a quo quas error. Debitis assumenda cupiditate quasi aut. Nesciunt eum dolores vel.', '5', '2018-05-14 07:36:28', '2018-05-14 07:36:28');
INSERT INTO `reviews` VALUES ('23', '48', 'Earl Padberg', 'Dolore libero beatae quia dolore in. Suscipit officiis labore voluptas illo ut dolorem officiis quia. Occaecati minima magni explicabo eos aliquid.', '3', '2018-05-14 07:36:28', '2018-05-14 07:36:28');
INSERT INTO `reviews` VALUES ('24', '36', 'Ned Hettinger', 'Dignissimos deleniti harum velit hic eius. Exercitationem odit aliquam non. Ut dolores debitis perspiciatis sit illo quaerat eum. Dolores fugit sed vel eligendi eum.', '2', '2018-05-14 07:36:28', '2018-05-14 07:36:28');
INSERT INTO `reviews` VALUES ('25', '97', 'Jakayla Quitzon', 'Cumque culpa nulla est labore dicta. Adipisci non quia deserunt facilis. Rerum et totam voluptas a nihil quis voluptas. Ad et animi magni rerum eum.', '1', '2018-05-14 07:36:28', '2018-05-14 07:36:28');
INSERT INTO `reviews` VALUES ('26', '80', 'Victoria Rodriguez DDS', 'Quos mollitia tempore aut quos eveniet repudiandae. Enim illo nisi alias earum deleniti quisquam molestiae quis. Inventore fugit sit labore in fugit et. Voluptas sed ea et voluptates ullam.', '4', '2018-05-14 07:36:28', '2018-05-14 07:36:28');
INSERT INTO `reviews` VALUES ('27', '84', 'Buck Nienow', 'Nulla quaerat molestiae aut. Omnis consequatur alias officia. Sed deleniti dolores ut minus velit. Officia enim consequatur voluptas.', '1', '2018-05-14 07:36:28', '2018-05-14 07:36:28');
INSERT INTO `reviews` VALUES ('28', '79', 'Kylee Conroy', 'Iste architecto qui rerum nesciunt ex sit modi. Inventore sint voluptatibus neque nesciunt voluptatem rerum. Impedit est aut laborum incidunt enim. Nam ipsam nam enim culpa ratione quaerat.', '3', '2018-05-14 07:36:28', '2018-05-14 07:36:28');
INSERT INTO `reviews` VALUES ('29', '30', 'Beth Frami', 'Nihil culpa totam voluptatibus in consequatur occaecati ad. Accusamus illum dicta doloribus voluptates deserunt. Molestiae quos animi debitis unde quae enim impedit quibusdam. Laboriosam non qui qui. Dolor et optio laborum aut vel at.', '4', '2018-05-14 07:36:28', '2018-05-14 07:36:28');
INSERT INTO `reviews` VALUES ('30', '71', 'Maurice Strosin DVM', 'Rerum dolorem dicta perspiciatis eveniet reiciendis. Totam assumenda labore sequi sed. Voluptatem ea vitae nam. Deleniti et at non mollitia odio velit voluptatum.', '1', '2018-05-14 07:36:28', '2018-05-14 07:36:28');
INSERT INTO `reviews` VALUES ('31', '67', 'Regan Stamm', 'Doloribus repellendus cumque distinctio quasi quo earum minima. Officiis voluptas sit cupiditate deserunt. Doloribus impedit dolores est quia non quis officiis velit.', '4', '2018-05-14 07:36:28', '2018-05-14 07:36:28');
INSERT INTO `reviews` VALUES ('32', '59', 'Alexandria Osinski', 'Doloremque minus laborum a atque quaerat voluptatibus sed ea. Tempore consequatur reiciendis suscipit quis et aut earum sint. Ad odit dignissimos quae facere quidem corporis.', '5', '2018-05-14 07:36:28', '2018-05-14 07:36:28');
INSERT INTO `reviews` VALUES ('33', '69', 'Emerson Rowe', 'Debitis tempore possimus architecto necessitatibus sed occaecati. Ipsa aut quam ratione. Ab quis qui voluptatem illum. Quam deserunt praesentium debitis porro in.', '4', '2018-05-14 07:36:28', '2018-05-14 07:36:28');
INSERT INTO `reviews` VALUES ('34', '42', 'Kathryn Terry IV', 'Fugit in optio suscipit exercitationem. Accusamus tempora aliquam dolore architecto. Pariatur blanditiis inventore non accusantium aut. Doloremque ipsum non officia nihil voluptas fuga voluptate. Blanditiis et eligendi non velit praesentium sit.', '1', '2018-05-14 07:36:28', '2018-05-14 07:36:28');
INSERT INTO `reviews` VALUES ('35', '77', 'Mr. Delaney Marvin', 'Explicabo dolorem quia error ut non. Ea cum sit alias dolores repellat recusandae soluta. Enim quibusdam culpa laborum eligendi quia sed laboriosam expedita. Sed veritatis inventore voluptatem culpa.', '4', '2018-05-14 07:36:28', '2018-05-14 07:36:28');
INSERT INTO `reviews` VALUES ('36', '30', 'Ryann Balistreri', 'Nam molestias sed provident adipisci veniam sed natus. Sequi asperiores sunt voluptas non et quia accusantium. Voluptatem pariatur quisquam amet temporibus nisi.', '3', '2018-05-14 07:36:28', '2018-05-14 07:36:28');
INSERT INTO `reviews` VALUES ('37', '9', 'Prof. Vito Johns V', 'Rerum rerum eaque magnam non quo temporibus repellat minus. Ad placeat consectetur debitis eos corporis ut. Non optio autem consequatur rerum cupiditate. Ab quaerat fugiat beatae enim suscipit quis et.', '4', '2018-05-14 07:36:28', '2018-05-14 07:36:28');
INSERT INTO `reviews` VALUES ('38', '91', 'Maximus Koelpin', 'Cum ipsa necessitatibus saepe sit enim. Aspernatur sed molestiae et sequi. Reprehenderit voluptate nesciunt sunt in. Molestiae blanditiis iure eos totam incidunt. Cumque est beatae libero qui ut.', '1', '2018-05-14 07:36:28', '2018-05-14 07:36:28');
INSERT INTO `reviews` VALUES ('39', '77', 'Marilyne Gislason', 'Et magnam veniam dolores molestiae hic itaque et et. Necessitatibus voluptate at sapiente perferendis. Enim ut odio voluptatem sunt quos odio. Quam nam nesciunt in dignissimos doloremque.', '5', '2018-05-14 07:36:28', '2018-05-14 07:36:28');
INSERT INTO `reviews` VALUES ('40', '85', 'Jay DuBuque Sr.', 'Vel quis et nesciunt eius ipsam doloremque commodi. Quis iure nostrum et. Delectus nemo non possimus saepe. Veritatis vel aut sint id.', '4', '2018-05-14 07:36:28', '2018-05-14 07:36:28');
INSERT INTO `reviews` VALUES ('41', '55', 'Bonnie Wintheiser', 'Nesciunt harum ipsa sint exercitationem aspernatur corporis aut. Explicabo eveniet et blanditiis sed non porro. Praesentium reprehenderit qui quam voluptatem vel fugit error. Ut autem in iusto perspiciatis.', '1', '2018-05-14 07:36:28', '2018-05-14 07:36:28');
INSERT INTO `reviews` VALUES ('42', '47', 'Jacinthe Willms', 'Accusamus et harum porro architecto porro ut. Qui accusamus ut mollitia. Quibusdam nesciunt perferendis temporibus odio quis nostrum. At dignissimos esse in autem ullam enim error.', '4', '2018-05-14 07:36:28', '2018-05-14 07:36:28');
INSERT INTO `reviews` VALUES ('43', '63', 'Gaston Reinger', 'Culpa necessitatibus voluptas perferendis fugiat voluptatem quisquam. Dignissimos repellat sunt dolores. Ea est est voluptas molestiae fugiat. Cupiditate et itaque voluptatum nobis consectetur odio.', '2', '2018-05-14 07:36:28', '2018-05-14 07:36:28');
INSERT INTO `reviews` VALUES ('44', '74', 'Mikayla Mraz', 'Qui quisquam nostrum et praesentium. Saepe explicabo cupiditate consequuntur autem praesentium. Mollitia natus eum quia ad magni et placeat.', '4', '2018-05-14 07:36:28', '2018-05-14 07:36:28');
INSERT INTO `reviews` VALUES ('45', '73', 'Jaeden Labadie', 'Minima rerum explicabo quia sed et. Ullam assumenda velit adipisci veritatis eum doloremque autem nulla. Iusto id aut enim saepe. Sint laudantium illum beatae perspiciatis fugiat ipsum.', '2', '2018-05-14 07:36:28', '2018-05-14 07:36:28');
INSERT INTO `reviews` VALUES ('46', '61', 'Alessia Kemmer', 'Sequi earum earum aliquam blanditiis quibusdam officiis occaecati. Pariatur nihil quis alias maiores aperiam. Nulla doloribus est provident omnis.', '5', '2018-05-14 07:36:28', '2018-05-14 07:36:28');
INSERT INTO `reviews` VALUES ('47', '4', 'Ewald Kemmer', 'In vitae modi voluptate consequuntur at aut. Dignissimos est autem porro ab vitae consequuntur. Tempore iure est ea ut magnam.', '4', '2018-05-14 07:36:28', '2018-05-14 07:36:28');
INSERT INTO `reviews` VALUES ('48', '43', 'Dr. Dawn Kreiger', 'Consequuntur id dolorem quis non sed minus est. Aut et voluptatem corrupti ducimus. Veniam necessitatibus voluptatem sint in facilis incidunt esse. Voluptas voluptatem ipsam officia minus id quibusdam.', '0', '2018-05-14 07:36:28', '2018-05-14 07:36:28');
INSERT INTO `reviews` VALUES ('49', '39', 'Dr. Miguel McLaughlin', 'Minima nemo qui accusamus rerum natus qui vel. Ullam ducimus laudantium consequatur ab sit facere quas. Ex similique eligendi molestias. Voluptas et voluptatem eos ex.', '2', '2018-05-14 07:36:28', '2018-05-14 07:36:28');
INSERT INTO `reviews` VALUES ('50', '48', 'Garth Gutkowski', 'Esse molestias vitae consequuntur impedit minus. Nemo exercitationem voluptatem iusto ullam.', '1', '2018-05-14 07:36:28', '2018-05-14 07:36:28');
INSERT INTO `reviews` VALUES ('51', '6', 'Roberta Thiel', 'Corporis quo accusantium porro aut tempora. Est et ipsam repudiandae repellendus assumenda praesentium dolorem. Esse dolor ea neque est est totam soluta consequatur. Occaecati reiciendis doloremque nostrum itaque.', '4', '2018-05-14 07:36:28', '2018-05-14 07:36:28');
INSERT INTO `reviews` VALUES ('52', '47', 'Robb Hartmann', 'Voluptates commodi eos odit alias voluptatem nam quod. Aspernatur aspernatur deserunt et ipsam nihil harum. Molestias possimus atque ut nulla. Voluptas voluptatem dolorum ipsa sed ipsum.', '3', '2018-05-14 07:36:28', '2018-05-14 07:36:28');
INSERT INTO `reviews` VALUES ('53', '40', 'Darrel Wolff', 'Eos accusamus atque ipsum placeat quasi eum. Eligendi cum nulla dolorem. Laudantium vero vitae qui quis velit dolorem autem quidem. Perspiciatis ratione repudiandae quo maiores expedita eum nihil. Quo sint eligendi animi in.', '4', '2018-05-14 07:36:28', '2018-05-14 07:36:28');
INSERT INTO `reviews` VALUES ('54', '66', 'Fred Daniel', 'Ad ad facere nemo et vitae id. Maxime alias sed dolor qui. Illo odio illum sint et velit sit. Est optio velit laboriosam excepturi.', '0', '2018-05-14 07:36:28', '2018-05-14 07:36:28');
INSERT INTO `reviews` VALUES ('55', '94', 'Gianni Schmidt', 'Blanditiis ut nemo eum rerum sapiente ea sunt. Aut consequatur quod earum soluta voluptatum quia sed. Voluptatibus dolorem deleniti officia ratione.', '4', '2018-05-14 07:36:28', '2018-05-14 07:36:28');
INSERT INTO `reviews` VALUES ('56', '100', 'Gerson Baumbach IV', 'Consequatur quo sit et non enim. Aut aut velit quas eligendi voluptatum tempore. Sit iusto quaerat dolor.', '3', '2018-05-14 07:36:28', '2018-05-14 07:36:28');
INSERT INTO `reviews` VALUES ('57', '11', 'Johnson Bashirian', 'Voluptas est id beatae quae sed explicabo fuga similique. Est et dolor ipsa officia. Odio a esse ut consequuntur molestiae earum.', '1', '2018-05-14 07:36:28', '2018-05-14 07:36:28');
INSERT INTO `reviews` VALUES ('58', '46', 'Mrs. Linnie Mraz', 'Rerum illo soluta debitis eius quam odit non. Rerum in rerum fuga ut rerum omnis. Sint aliquid facere placeat doloribus impedit.', '2', '2018-05-14 07:36:28', '2018-05-14 07:36:28');
INSERT INTO `reviews` VALUES ('59', '91', 'Nelle Skiles', 'Nulla quaerat ducimus omnis totam quam. Consequatur nihil earum odio et ut animi ducimus quis. Ut maiores quidem velit et.', '2', '2018-05-14 07:36:28', '2018-05-14 07:36:28');
INSERT INTO `reviews` VALUES ('60', '65', 'Dr. Devyn Jacobs III', 'Consequatur aliquam rerum doloribus delectus et et atque. Ipsum tempore est est. Voluptatibus magnam laudantium soluta voluptatem omnis occaecati.', '1', '2018-05-14 07:36:28', '2018-05-14 07:36:28');
INSERT INTO `reviews` VALUES ('61', '69', 'Dr. Imogene Bode IV', 'Tempore et nesciunt voluptatibus nostrum. Natus et accusamus et tempore. Explicabo et perspiciatis quo inventore officia eum veritatis. Laboriosam culpa quaerat vero animi sapiente.', '1', '2018-05-14 07:36:28', '2018-05-14 07:36:28');
INSERT INTO `reviews` VALUES ('62', '6', 'Megane Labadie', 'Possimus omnis magni esse delectus. Corporis voluptas sed iste sunt eos laboriosam harum. Itaque ut hic debitis. Omnis non quia quo dolor vel.', '0', '2018-05-14 07:36:28', '2018-05-14 07:36:28');
INSERT INTO `reviews` VALUES ('63', '42', 'Mr. Dereck Jacobs IV', 'Esse odit quia vel odio natus tenetur ea sint. Et dolor voluptatem assumenda enim omnis nihil et. Ducimus eveniet est dolore qui adipisci dolorum.', '2', '2018-05-14 07:36:28', '2018-05-14 07:36:28');
INSERT INTO `reviews` VALUES ('64', '24', 'Preston Hickle', 'Et voluptate ipsa cum est tempora consequatur. Ea ipsa cumque ipsa repudiandae enim. Nihil officia et adipisci facere.', '0', '2018-05-14 07:36:28', '2018-05-14 07:36:28');
INSERT INTO `reviews` VALUES ('65', '46', 'Micah Heller', 'Eveniet ut dolores aliquam provident aut minus ut provident. Quia omnis iste voluptatum expedita facere cumque et necessitatibus. Voluptas doloribus assumenda minus fuga facere.', '2', '2018-05-14 07:36:28', '2018-05-14 07:36:28');
INSERT INTO `reviews` VALUES ('66', '8', 'Yasmin Dach', 'Laborum repellendus et quos dolores nihil. Quis eum quo voluptas reprehenderit. Neque harum autem soluta consequatur.', '2', '2018-05-14 07:36:28', '2018-05-14 07:36:28');
INSERT INTO `reviews` VALUES ('67', '75', 'Miracle Hammes', 'Adipisci consequatur minima sunt doloremque quam quae. Sed eum vel et enim. Sapiente rerum suscipit dicta deserunt omnis. Aut nisi qui illo voluptate quam. Quo molestiae debitis quia ut et.', '2', '2018-05-14 07:36:28', '2018-05-14 07:36:28');
INSERT INTO `reviews` VALUES ('68', '59', 'Stanley Murray', 'Eum nam odio aliquid nihil eligendi. Eos et enim quae et vitae voluptatem maxime suscipit. Ut provident reiciendis harum veniam molestias odio.', '4', '2018-05-14 07:36:28', '2018-05-14 07:36:28');
INSERT INTO `reviews` VALUES ('69', '41', 'Raymundo DuBuque', 'Esse impedit repellat reiciendis aut. Accusantium et delectus porro facere voluptatem et odit. Ea cumque voluptatem facilis minus consequatur minus inventore.', '0', '2018-05-14 07:36:28', '2018-05-14 07:36:28');
INSERT INTO `reviews` VALUES ('70', '100', 'Mr. Luis Gorczany', 'Nihil et commodi veniam quis dolorem et in. Autem aut reiciendis vel. Dolores sit est nulla dolores quibusdam. Adipisci assumenda fugiat aliquid et architecto voluptate et. Quia quibusdam beatae suscipit necessitatibus quod sunt quia similique.', '1', '2018-05-14 07:36:28', '2018-05-14 07:36:28');
INSERT INTO `reviews` VALUES ('71', '59', 'Nova Langworth', 'Quia similique illo aut consequatur sit iste. Cumque enim suscipit in explicabo. Est voluptates beatae quisquam assumenda fugiat.', '5', '2018-05-14 07:36:28', '2018-05-14 07:36:28');
INSERT INTO `reviews` VALUES ('72', '8', 'Ned Haley III', 'Animi sed velit id eligendi culpa nihil exercitationem quo. Debitis quo et sit suscipit minima. Sunt neque natus voluptatem ut sit et. Autem consequatur aut quidem.', '4', '2018-05-14 07:36:28', '2018-05-14 07:36:28');
INSERT INTO `reviews` VALUES ('73', '24', 'Kenya Runolfsson', 'Voluptates illo qui debitis. Suscipit sint ut eligendi enim autem est. Recusandae doloremque et quia fuga. Eius ullam earum minus voluptas enim rem.', '2', '2018-05-14 07:36:28', '2018-05-14 07:36:28');
INSERT INTO `reviews` VALUES ('74', '86', 'Cullen Cassin III', 'Similique saepe eveniet laudantium a necessitatibus. Dolorem autem blanditiis voluptatem iste.', '0', '2018-05-14 07:36:28', '2018-05-14 07:36:28');
INSERT INTO `reviews` VALUES ('75', '49', 'Nellie Klocko', 'Quo nam non quam accusantium harum. Impedit sint ratione et autem quidem itaque. Error soluta accusantium ipsa natus. Eos dicta voluptates tenetur nam aliquid est quo.', '1', '2018-05-14 07:36:28', '2018-05-14 07:36:28');
INSERT INTO `reviews` VALUES ('76', '67', 'Tomasa Monahan', 'Occaecati est adipisci necessitatibus amet in eum. Qui aut non et vel unde hic architecto. Commodi ut itaque qui ut iste veritatis sed.', '0', '2018-05-14 07:36:28', '2018-05-14 07:36:28');
INSERT INTO `reviews` VALUES ('77', '12', 'Dr. Abby Mraz', 'Aspernatur doloribus temporibus officia inventore qui nihil optio voluptas. Consequatur maiores quia non sunt culpa tempora. Consectetur autem dolorem ad ex pariatur. Error totam beatae sequi voluptatem fugit. Provident et animi nesciunt iure nulla aut.', '5', '2018-05-14 07:36:28', '2018-05-14 07:36:28');
INSERT INTO `reviews` VALUES ('78', '16', 'Dr. Jocelyn Casper', 'Odit occaecati nulla autem quo. Consequatur recusandae voluptas soluta. Alias praesentium expedita saepe molestiae corrupti et accusantium. Aut temporibus rerum ipsam provident.', '5', '2018-05-14 07:36:28', '2018-05-14 07:36:28');
INSERT INTO `reviews` VALUES ('79', '2', 'Koby Kilback DDS', 'Ut vitae nesciunt vitae voluptate nobis. Et quas accusantium voluptatem id quae officiis laboriosam. Ea aliquam dicta non expedita.', '5', '2018-05-14 07:36:28', '2018-05-14 07:36:28');
INSERT INTO `reviews` VALUES ('80', '91', 'Nathan Christiansen V', 'Est ut at est est. Sed deleniti rem non cumque quod magnam. Occaecati quisquam earum sit ut quis labore a.', '5', '2018-05-14 07:36:28', '2018-05-14 07:36:28');
INSERT INTO `reviews` VALUES ('81', '13', 'Daren Doyle I', 'Deserunt accusantium cum velit nihil ut corporis. Magni quos odio id sit consequatur harum voluptatum beatae. Dignissimos fugiat voluptas assumenda consequatur culpa temporibus. Ea officia cupiditate tenetur voluptatibus enim eum.', '3', '2018-05-14 07:36:28', '2018-05-14 07:36:28');
INSERT INTO `reviews` VALUES ('82', '57', 'Dr. Sonny Zboncak MD', 'Aut qui rerum molestiae tempore quia sequi aut. Harum provident distinctio animi qui rerum tempore. Tenetur velit repellendus omnis quod eum ullam. Velit maxime voluptas nulla fuga repudiandae quas cupiditate.', '3', '2018-05-14 07:36:28', '2018-05-14 07:36:28');
INSERT INTO `reviews` VALUES ('83', '54', 'Cade Conroy PhD', 'Voluptas distinctio aliquam qui. Quia ipsa deleniti minima ex doloremque quia et. Consequatur dolorem nulla iusto vel odit.', '5', '2018-05-14 07:36:28', '2018-05-14 07:36:28');
INSERT INTO `reviews` VALUES ('84', '54', 'Maureen Kreiger', 'Molestiae ratione hic sit aspernatur possimus laborum. Nihil est excepturi assumenda quisquam et ut placeat voluptatum. Illum atque explicabo perspiciatis non fugiat.', '0', '2018-05-14 07:36:28', '2018-05-14 07:36:28');
INSERT INTO `reviews` VALUES ('85', '80', 'Prof. Leonel Corwin DDS', 'Beatae eum officia quaerat est. Nihil harum quia mollitia impedit ipsa assumenda laborum. Voluptatum nesciunt provident molestiae quam.', '4', '2018-05-14 07:36:28', '2018-05-14 07:36:28');
INSERT INTO `reviews` VALUES ('86', '42', 'Natalia Carter II', 'Consequatur quisquam id aut excepturi sint. Et nobis ad vitae ut. Dicta quia magni molestias explicabo vitae minus nostrum perferendis.', '1', '2018-05-14 07:36:28', '2018-05-14 07:36:28');
INSERT INTO `reviews` VALUES ('87', '74', 'Miss Cleora Romaguera DDS', 'Dolorem commodi vitae incidunt incidunt numquam beatae a natus. Et cum qui excepturi repudiandae. Possimus qui molestias enim id veritatis.', '0', '2018-05-14 07:36:28', '2018-05-14 07:36:28');
INSERT INTO `reviews` VALUES ('88', '72', 'Prof. Gianni Raynor', 'Dolores perspiciatis aspernatur labore ratione et eum aperiam. Qui et ad quis a occaecati sint voluptatem. Magni hic inventore qui. Et atque vitae dolorem hic quae consequatur pariatur libero.', '1', '2018-05-14 07:36:28', '2018-05-14 07:36:28');
INSERT INTO `reviews` VALUES ('89', '39', 'Gwen Lehner', 'Tempora voluptates totam aut consequatur dicta laboriosam consequatur. Id sint expedita molestiae. Aliquam sapiente pariatur qui dolores saepe voluptate.', '0', '2018-05-14 07:36:28', '2018-05-14 07:36:28');
INSERT INTO `reviews` VALUES ('90', '67', 'Winnifred Schuster', 'Et fugit neque deserunt. Numquam consequatur ut vero qui vel consequatur nihil iusto. Beatae animi quasi dolor corrupti.', '2', '2018-05-14 07:36:28', '2018-05-14 07:36:28');
INSERT INTO `reviews` VALUES ('91', '18', 'Prof. Eldred Hyatt', 'Aperiam et quo blanditiis voluptatem dolores optio assumenda. Sit sit qui est. Quia repellendus fuga atque at.', '1', '2018-05-14 07:36:28', '2018-05-14 07:36:28');
INSERT INTO `reviews` VALUES ('92', '9', 'Angeline McGlynn', 'Molestias quam accusamus repellat voluptas doloribus dolorem quidem. Tempore saepe aperiam fugiat. Nam reiciendis incidunt quod eligendi consequatur occaecati et. Totam ipsam error voluptas in voluptas quo. Pariatur facere quae culpa sunt temporibus.', '0', '2018-05-14 07:36:28', '2018-05-14 07:36:28');
INSERT INTO `reviews` VALUES ('93', '11', 'Arvid Tillman', 'Odio labore ad molestiae quo exercitationem deleniti consequuntur perspiciatis. Cupiditate magni voluptas rerum. Et necessitatibus tenetur qui iure officia impedit. Labore eligendi distinctio nesciunt laboriosam velit explicabo vel.', '2', '2018-05-14 07:36:28', '2018-05-14 07:36:28');
INSERT INTO `reviews` VALUES ('94', '75', 'Jerrell Jacobs PhD', 'Repellat sed magnam unde blanditiis ipsam molestiae ipsum veniam. Impedit quae reprehenderit iste dolorem. Consequatur et doloribus excepturi ipsum facere. Aliquid maiores molestias voluptas.', '3', '2018-05-14 07:36:28', '2018-05-14 07:36:28');
INSERT INTO `reviews` VALUES ('95', '62', 'Kattie Altenwerth PhD', 'Illo cumque accusantium nobis explicabo ratione. Aliquam ex vel recusandae. Non accusantium nobis quo.', '4', '2018-05-14 07:36:28', '2018-05-14 07:36:28');
INSERT INTO `reviews` VALUES ('96', '1', 'Delpha Lebsack', 'Nemo velit inventore doloremque. Aspernatur quia qui earum iure. Totam qui eum voluptas non autem consequatur. Magni assumenda facere enim commodi fugit.', '4', '2018-05-14 07:36:28', '2018-05-14 07:36:28');
INSERT INTO `reviews` VALUES ('97', '10', 'Bryce Rau', 'Aliquam ipsa odit qui distinctio reiciendis ut provident. Et commodi autem eaque vero expedita rem ut. Dolorem et et et ut.', '3', '2018-05-14 07:36:28', '2018-05-14 07:36:28');
INSERT INTO `reviews` VALUES ('98', '82', 'Mr. Alexie O\'Hara PhD', 'Quis ullam rerum aut aspernatur. Incidunt iusto dolores tenetur vitae exercitationem ut molestiae. Repellat ea cumque ut ducimus modi qui molestiae asperiores. Quisquam blanditiis odio labore delectus ipsa dignissimos saepe culpa.', '0', '2018-05-14 07:36:28', '2018-05-14 07:36:28');
INSERT INTO `reviews` VALUES ('99', '15', 'Prof. Alexander Kuphal DVM', 'Vel in repudiandae itaque quidem. Molestiae a est rem quia esse non. Qui nihil et laborum est necessitatibus.', '1', '2018-05-14 07:36:28', '2018-05-14 07:36:28');
INSERT INTO `reviews` VALUES ('100', '97', 'Wade Flatley DDS', 'Quia doloribus maiores illum qui ea repudiandae. Qui odit voluptatem aut labore at. Non non nihil architecto occaecati illo adipisci voluptatibus.', '5', '2018-05-14 07:36:28', '2018-05-14 07:36:28');
INSERT INTO `reviews` VALUES ('101', '56', 'Prof. Everardo Jaskolski', 'Sed sunt non ratione magni. Saepe sapiente dolorem blanditiis sint dolor. Sint sit sit eligendi aut. Ea non aut exercitationem rem a cupiditate.', '3', '2018-05-14 07:36:28', '2018-05-14 07:36:28');
INSERT INTO `reviews` VALUES ('102', '16', 'Briana Kreiger', 'Ea inventore explicabo eaque quia nemo rerum. Ut iure quia voluptatum et in. Ut iusto omnis dolore animi. Hic consequuntur delectus ut qui corporis.', '1', '2018-05-14 07:36:28', '2018-05-14 07:36:28');
INSERT INTO `reviews` VALUES ('103', '3', 'Miss Amanda Cronin MD', 'Esse sint voluptatum nostrum iure ipsa officiis ut. Error nam id earum ducimus voluptatum itaque quia. Voluptates expedita qui quos ut.', '0', '2018-05-14 07:36:28', '2018-05-14 07:36:28');
INSERT INTO `reviews` VALUES ('104', '69', 'Yesenia Huel', 'Excepturi ad consectetur rerum laborum ut. Quidem alias corrupti maxime ducimus. Ea ut voluptatibus fuga temporibus ex voluptatum.', '3', '2018-05-14 07:36:28', '2018-05-14 07:36:28');
INSERT INTO `reviews` VALUES ('105', '48', 'Dr. Cecil Runolfsson DVM', 'Molestiae et rerum id facilis. Occaecati nisi nihil ut reprehenderit cupiditate accusamus. Nobis voluptatibus nesciunt hic aspernatur quia doloribus. Architecto architecto enim optio debitis ut non assumenda quas.', '0', '2018-05-14 07:36:28', '2018-05-14 07:36:28');
INSERT INTO `reviews` VALUES ('106', '69', 'Raymundo Shields', 'Et mollitia explicabo maiores. Sit expedita officiis est sunt culpa. Consectetur nam inventore fuga consectetur officiis totam. Aut ea quis vitae facere.', '1', '2018-05-14 07:36:28', '2018-05-14 07:36:28');
INSERT INTO `reviews` VALUES ('107', '40', 'Camryn Russel DVM', 'Iste similique eveniet accusamus eum voluptas. Occaecati eos totam deleniti enim minus corrupti ducimus. Ullam omnis et non alias. Porro odit voluptatibus sequi est.', '4', '2018-05-14 07:36:28', '2018-05-14 07:36:28');
INSERT INTO `reviews` VALUES ('108', '52', 'Trever Dietrich', 'Sed molestiae asperiores quis aspernatur quam quam. Molestiae et aut quo. Aliquid cum quo sit tenetur provident. Aut cupiditate necessitatibus voluptatem iure nam.', '1', '2018-05-14 07:36:28', '2018-05-14 07:36:28');
INSERT INTO `reviews` VALUES ('109', '93', 'Toy Christiansen II', 'Eos sint repellat dolor pariatur beatae. Molestiae rem aspernatur optio eos. Non sint totam dignissimos culpa occaecati ipsa veniam.', '1', '2018-05-14 07:36:28', '2018-05-14 07:36:28');
INSERT INTO `reviews` VALUES ('110', '33', 'Dr. Allan Crona Sr.', 'Alias dicta pariatur quia quo praesentium dignissimos. Est maxime omnis esse neque molestiae vel vel. Nihil sunt non voluptatem inventore. Qui natus quam rerum tempora corrupti repudiandae laudantium.', '5', '2018-05-14 07:36:28', '2018-05-14 07:36:28');
INSERT INTO `reviews` VALUES ('111', '29', 'Lelah Douglas', 'Autem odit modi modi et eaque in. Illo corrupti quia aut reprehenderit necessitatibus voluptatum.', '3', '2018-05-14 07:36:28', '2018-05-14 07:36:28');
INSERT INTO `reviews` VALUES ('112', '90', 'Marian Luettgen MD', 'Iste ut dignissimos consequatur. Sapiente sed aut sint. Illum eum nihil in nisi. Qui natus magni explicabo modi iure.', '0', '2018-05-14 07:36:28', '2018-05-14 07:36:28');
INSERT INTO `reviews` VALUES ('113', '32', 'Mrs. Caitlyn Hauck', 'Neque eum et nulla repudiandae mollitia eos quas. Maxime similique repellat et aliquid placeat. Eos assumenda non veniam.', '3', '2018-05-14 07:36:28', '2018-05-14 07:36:28');
INSERT INTO `reviews` VALUES ('114', '26', 'Helene Crooks', 'Numquam voluptates omnis voluptatum exercitationem aut iste veritatis. Unde qui consequatur qui et rerum quam minima. Et labore in aut ea laboriosam veritatis quae.', '1', '2018-05-14 07:36:28', '2018-05-14 07:36:28');
INSERT INTO `reviews` VALUES ('115', '82', 'Prof. Renee Wuckert', 'Delectus deleniti quisquam repudiandae molestiae sunt nemo. Fugit ea voluptas sint vel inventore. Voluptas officia voluptatem adipisci doloremque dolores qui a. Sint tempora ducimus aperiam aspernatur dolorem.', '0', '2018-05-14 07:36:28', '2018-05-14 07:36:28');
INSERT INTO `reviews` VALUES ('116', '25', 'Scotty Weissnat', 'Id iure est maxime deleniti nulla unde qui. Quo ut rerum consequatur minima pariatur.', '0', '2018-05-14 07:36:28', '2018-05-14 07:36:28');
INSERT INTO `reviews` VALUES ('117', '80', 'Kayden Nienow', 'Et autem et quos ducimus aliquam totam. Quasi voluptate ducimus distinctio velit quas labore. In quos animi eius eum consequatur doloribus et.', '3', '2018-05-14 07:36:28', '2018-05-14 07:36:28');
INSERT INTO `reviews` VALUES ('118', '25', 'Prof. Kamryn Walker DDS', 'Consequuntur velit excepturi maxime animi et numquam reiciendis. Ullam sunt qui fugiat eos ut adipisci aut. Dolor voluptatem soluta deserunt neque mollitia reiciendis.', '0', '2018-05-14 07:36:28', '2018-05-14 07:36:28');
INSERT INTO `reviews` VALUES ('119', '24', 'Pattie Williamson MD', 'Minima voluptatem architecto et distinctio aliquid. Qui qui nostrum quia aperiam voluptatem. Pariatur repellat minus officiis pariatur rerum.', '4', '2018-05-14 07:36:28', '2018-05-14 07:36:28');
INSERT INTO `reviews` VALUES ('120', '61', 'Marielle Grimes', 'Aut dolor deleniti et doloremque. Occaecati praesentium reiciendis in. Laudantium vel voluptas beatae rerum aliquam omnis. Excepturi culpa voluptatem magni natus quidem deserunt.', '3', '2018-05-14 07:36:28', '2018-05-14 07:36:28');
INSERT INTO `reviews` VALUES ('121', '63', 'Ms. Leanna Donnelly PhD', 'Sed natus voluptas aut excepturi voluptates voluptas. In optio sed quaerat fugit adipisci.', '2', '2018-05-14 07:36:28', '2018-05-14 07:36:28');
INSERT INTO `reviews` VALUES ('122', '58', 'Laron Wunsch', 'Debitis minus omnis tempore distinctio aperiam ut. Quia voluptatem quia neque sint non et possimus. Aut mollitia accusamus minima. Sapiente ut dolorum delectus dicta.', '3', '2018-05-14 07:36:28', '2018-05-14 07:36:28');
INSERT INTO `reviews` VALUES ('123', '25', 'Teresa Reinger', 'Et ex ut facere ipsum libero adipisci. Nulla laborum sequi incidunt aut. Repellat ducimus ullam atque. Tenetur quia voluptatem molestiae officiis fugit quidem in.', '4', '2018-05-14 07:36:28', '2018-05-14 07:36:28');
INSERT INTO `reviews` VALUES ('124', '97', 'Ruby Kilback', 'Inventore dolores distinctio corrupti et sit. Exercitationem est veniam voluptatem fugiat omnis minima fugit. Consequatur cum rerum soluta labore.', '5', '2018-05-14 07:36:28', '2018-05-14 07:36:28');
INSERT INTO `reviews` VALUES ('125', '21', 'Elias Veum', 'Et earum fugiat et omnis earum. Et unde nesciunt ut nemo consequatur totam. Eligendi dignissimos ea corporis rerum voluptatem repudiandae qui consequatur. Qui dolor dolore libero velit placeat aut.', '1', '2018-05-14 07:36:28', '2018-05-14 07:36:28');
INSERT INTO `reviews` VALUES ('126', '49', 'Rhiannon Legros', 'Aperiam et in facere corrupti est. Voluptate ut ducimus ex pariatur. Corrupti commodi deserunt esse. Aut nihil exercitationem quidem ducimus rerum aperiam inventore.', '4', '2018-05-14 07:36:28', '2018-05-14 07:36:28');
INSERT INTO `reviews` VALUES ('127', '74', 'Prof. Westley Adams DVM', 'Beatae ipsa molestiae voluptatem sed sit laudantium et. Rem quia qui placeat voluptates eos voluptatibus. Cum consequuntur suscipit quibusdam explicabo magni aperiam velit.', '4', '2018-05-14 07:36:28', '2018-05-14 07:36:28');
INSERT INTO `reviews` VALUES ('128', '1', 'Emely Denesik', 'Ipsum sed dolores non iure aliquam. Aut qui maxime aut modi numquam voluptas. Rerum molestias reprehenderit quidem voluptatem voluptate error non. Repudiandae hic consequatur est alias. Error autem consequatur vel expedita molestiae accusamus possimus consequatur.', '3', '2018-05-14 07:36:28', '2018-05-14 07:36:28');
INSERT INTO `reviews` VALUES ('129', '33', 'Terrell Windler', 'Illum inventore ullam commodi accusamus et. Nostrum commodi fugiat rerum recusandae qui. Inventore harum adipisci rerum quisquam. Qui autem illum repellat.', '3', '2018-05-14 07:36:28', '2018-05-14 07:36:28');
INSERT INTO `reviews` VALUES ('130', '2', 'Prof. Dangelo West', 'Doloremque qui reprehenderit debitis dolorum ea itaque. Deserunt ut nobis id magnam consectetur officia voluptatem. Magni et a aliquam voluptatibus soluta molestias.', '3', '2018-05-14 07:36:28', '2018-05-14 07:36:28');
INSERT INTO `reviews` VALUES ('131', '56', 'Doris Rempel', 'Quibusdam laborum ex tempora non esse harum suscipit. Possimus optio officiis consectetur iste explicabo.', '1', '2018-05-14 07:36:28', '2018-05-14 07:36:28');
INSERT INTO `reviews` VALUES ('132', '9', 'Dylan McKenzie', 'Sed quidem nobis hic autem. Eaque quo vitae autem id rerum. Quidem quia repellat qui repellat aut harum rerum. Provident error qui voluptatem dignissimos placeat facilis.', '2', '2018-05-14 07:36:28', '2018-05-14 07:36:28');
INSERT INTO `reviews` VALUES ('133', '38', 'Sheldon Legros', 'Libero voluptate nemo distinctio. Consequatur aliquam sunt repudiandae sequi libero.', '2', '2018-05-14 07:36:28', '2018-05-14 07:36:28');
INSERT INTO `reviews` VALUES ('134', '98', 'Bernie Bergnaum', 'Et aperiam deleniti occaecati beatae natus quisquam. Eum placeat temporibus quis ex sit cumque inventore sed. Totam a fugit deleniti. Dignissimos ut accusantium labore officia et fugiat.', '2', '2018-05-14 07:36:28', '2018-05-14 07:36:28');
INSERT INTO `reviews` VALUES ('135', '51', 'Prof. Hannah Schoen', 'Omnis quo quisquam ea autem et. Et et consequuntur voluptatum iste fugit enim. Veritatis consequatur aut voluptas a.', '5', '2018-05-14 07:36:28', '2018-05-14 07:36:28');
INSERT INTO `reviews` VALUES ('136', '24', 'Korbin O\'Conner III', 'Vel deleniti est soluta doloribus ullam. Repudiandae animi voluptates et adipisci hic ut quaerat. Praesentium aut amet iure quas earum illo. Aut est quidem eos libero. Aut ut debitis nobis ut.', '4', '2018-05-14 07:36:28', '2018-05-14 07:36:28');
INSERT INTO `reviews` VALUES ('137', '84', 'Orland Dooley', 'Quasi et nam et facilis. Nemo est est ipsam ullam. Repellat ut numquam sed molestiae enim. Error nisi eaque quasi magni enim.', '1', '2018-05-14 07:36:28', '2018-05-14 07:36:28');
INSERT INTO `reviews` VALUES ('138', '48', 'Jodie Rutherford Sr.', 'Labore adipisci nobis quod ab veritatis voluptatum. Distinctio asperiores quas accusamus quia iusto non velit ut. Animi rerum excepturi voluptate voluptate.', '3', '2018-05-14 07:36:28', '2018-05-14 07:36:28');
INSERT INTO `reviews` VALUES ('139', '82', 'Augusta Mann', 'Distinctio aut nemo dicta hic libero non libero eos. Incidunt modi animi asperiores ea quas iure qui. Beatae eius corporis ut at numquam ea sequi. Necessitatibus et suscipit ut laboriosam natus.', '5', '2018-05-14 07:36:28', '2018-05-14 07:36:28');
INSERT INTO `reviews` VALUES ('140', '43', 'Prof. Mavis Kling', 'Sit magni et doloribus. Itaque consequatur architecto amet dolorum autem aut. Dolor non qui rerum. Quidem accusamus assumenda id.', '1', '2018-05-14 07:36:28', '2018-05-14 07:36:28');
INSERT INTO `reviews` VALUES ('141', '40', 'Grover Muller', 'Quis quis maiores nam autem itaque enim ratione. Magni aut nisi sit est enim quas rem. Quidem laborum aliquid quo reprehenderit.', '2', '2018-05-14 07:36:28', '2018-05-14 07:36:28');
INSERT INTO `reviews` VALUES ('142', '80', 'Dr. Kameron Wolff', 'Est impedit iste voluptatem maiores. Ea ullam aliquid qui. Nesciunt voluptatibus similique id neque facilis eligendi labore.', '1', '2018-05-14 07:36:28', '2018-05-14 07:36:28');
INSERT INTO `reviews` VALUES ('143', '67', 'Trever Kunde', 'Molestiae ut sed ut. Ut qui explicabo in quia aspernatur cum. Odit voluptas quis quia optio beatae occaecati.', '2', '2018-05-14 07:36:28', '2018-05-14 07:36:28');
INSERT INTO `reviews` VALUES ('144', '5', 'Dr. Clementine Schowalter DVM', 'Voluptatem assumenda ea corporis nulla nobis qui veritatis impedit. Reprehenderit vel minus qui. Et reiciendis tenetur quod ut et est ipsa.', '4', '2018-05-14 07:36:28', '2018-05-14 07:36:28');
INSERT INTO `reviews` VALUES ('145', '67', 'Miss Aditya Mueller III', 'Doloremque aut nam deleniti et. Eos praesentium quibusdam dolorum quisquam. Blanditiis unde voluptatibus dolores id ad enim ipsam molestias. Animi aut et ex nesciunt atque dolore.', '2', '2018-05-14 07:36:28', '2018-05-14 07:36:28');
INSERT INTO `reviews` VALUES ('146', '70', 'Rae Parker', 'Labore mollitia molestiae dolorem maxime non sed vitae. Inventore officia qui a ut totam labore. Expedita animi vero maxime nemo quos.', '2', '2018-05-14 07:36:28', '2018-05-14 07:36:28');
INSERT INTO `reviews` VALUES ('147', '8', 'Prof. Devon Beatty I', 'Eveniet ad ipsam voluptas deleniti eius pariatur mollitia soluta. Aut quo libero quos rem maxime totam facilis. Ut quaerat est sint ad et eum. Rerum laudantium modi laudantium reiciendis laborum et.', '0', '2018-05-14 07:36:28', '2018-05-14 07:36:28');
INSERT INTO `reviews` VALUES ('148', '78', 'Kathlyn Rosenbaum DVM', 'Vitae officia quo voluptas aut id sint. Consequuntur itaque unde impedit tenetur nostrum. Sequi magni cum voluptatem quisquam explicabo autem qui qui. Laudantium soluta occaecati iste excepturi modi consequuntur.', '5', '2018-05-14 07:36:28', '2018-05-14 07:36:28');
INSERT INTO `reviews` VALUES ('149', '68', 'Vanessa Breitenberg', 'Doloremque officia velit id porro architecto aut. Dignissimos laborum voluptate eveniet modi voluptatem veritatis. Dolorem aliquid et ut aperiam tenetur. Quia quod beatae iusto distinctio quis autem aut. Soluta amet vel quia reiciendis iure aliquid esse neque.', '2', '2018-05-14 07:36:28', '2018-05-14 07:36:28');
INSERT INTO `reviews` VALUES ('150', '76', 'Alfreda Frami', 'Debitis sit nihil quaerat vel ad quae officiis. Praesentium natus qui non officia accusantium non placeat atque. Aperiam fuga et voluptatum excepturi.', '4', '2018-05-14 07:36:28', '2018-05-14 07:36:28');
INSERT INTO `reviews` VALUES ('151', '19', 'Gene Nader Sr.', 'Rerum illo laudantium mollitia optio. Quia quos dolorum eos qui qui. Animi blanditiis aliquam in occaecati pariatur culpa. Cum hic consequatur aut consequatur. Qui molestiae aperiam quibusdam.', '1', '2018-05-14 07:36:28', '2018-05-14 07:36:28');
INSERT INTO `reviews` VALUES ('152', '38', 'Kendall Strosin', 'Harum dolorem ut quidem voluptatem ut. Ad optio consequuntur quis doloribus hic expedita provident ratione. Et tenetur quos porro quia. Commodi nostrum quo omnis dolores.', '0', '2018-05-14 07:36:28', '2018-05-14 07:36:28');
INSERT INTO `reviews` VALUES ('153', '61', 'Alanna Carroll', 'Est consequuntur totam provident sint sit. Atque aspernatur debitis perspiciatis deleniti et sequi possimus. Maxime exercitationem unde repudiandae velit iusto. Sapiente suscipit reiciendis fugiat voluptas dolores aliquid.', '2', '2018-05-14 07:36:28', '2018-05-14 07:36:28');
INSERT INTO `reviews` VALUES ('154', '21', 'Sincere Bashirian', 'Beatae itaque aut voluptatem quam quis doloribus. Quod qui libero illo in aspernatur blanditiis est. Autem nostrum recusandae doloribus enim rem. Praesentium aut unde consequatur est qui accusamus fuga. Ad dolorem facilis cupiditate eveniet.', '3', '2018-05-14 07:36:28', '2018-05-14 07:36:28');
INSERT INTO `reviews` VALUES ('155', '88', 'Desmond Gerlach', 'Odio qui laborum ratione aut doloribus quibusdam ad. Nostrum cupiditate quia officiis nulla quasi est et. Id reiciendis quia libero praesentium voluptates.', '5', '2018-05-14 07:36:28', '2018-05-14 07:36:28');
INSERT INTO `reviews` VALUES ('156', '87', 'Hipolito Marvin', 'Cum repellendus ab itaque commodi voluptas. Dolorem nesciunt quibusdam non. Ducimus dolorem ut esse repellat mollitia.', '2', '2018-05-14 07:36:28', '2018-05-14 07:36:28');
INSERT INTO `reviews` VALUES ('157', '1', 'Amya Herzog', 'Provident laudantium quas sint quasi odit dolorum. Dolores tenetur autem libero necessitatibus cumque ea. Maxime iste ut omnis. Voluptatem id corporis quae animi.', '5', '2018-05-14 07:36:28', '2018-05-14 07:36:28');
INSERT INTO `reviews` VALUES ('158', '34', 'Mekhi Stanton MD', 'Molestias perferendis aut dolorem qui. Eum cumque nisi aliquam aspernatur sint. Vel quasi doloribus sed ducimus corporis laudantium.', '2', '2018-05-14 07:36:28', '2018-05-14 07:36:28');
INSERT INTO `reviews` VALUES ('159', '5', 'Antonia Murray', 'Veritatis laudantium dolorem impedit expedita fugiat autem. Error dolor tempore consequatur nulla nesciunt voluptatem repellendus. Quia perspiciatis eius dolore expedita. Rerum libero repellat sunt ad dolorem quae.', '2', '2018-05-14 07:36:28', '2018-05-14 07:36:28');
INSERT INTO `reviews` VALUES ('160', '48', 'Javier Effertz', 'Dicta quos atque incidunt enim. Adipisci nihil adipisci sit et dignissimos architecto voluptatum. Voluptatem provident inventore amet. Commodi nobis eum ut et.', '2', '2018-05-14 07:36:28', '2018-05-14 07:36:28');
INSERT INTO `reviews` VALUES ('161', '53', 'Dr. Lon Kuphal', 'Qui architecto consequatur molestias. Dolores tempora eius dolorum possimus aut voluptates repudiandae. Blanditiis praesentium distinctio ab qui.', '0', '2018-05-14 07:36:28', '2018-05-14 07:36:28');
INSERT INTO `reviews` VALUES ('162', '93', 'Kailyn Kreiger', 'Unde velit quia et quasi saepe iure. Harum qui nesciunt dolorem quis esse in. Soluta numquam eos nihil iste.', '2', '2018-05-14 07:36:28', '2018-05-14 07:36:28');
INSERT INTO `reviews` VALUES ('163', '86', 'Mr. Matteo Keebler', 'Aut totam deleniti dolorum quibusdam quia possimus quos. Ab molestiae expedita et quam fugiat possimus facere. Dicta est qui fugit nostrum hic.', '1', '2018-05-14 07:36:28', '2018-05-14 07:36:28');
INSERT INTO `reviews` VALUES ('164', '91', 'Valentine Fay', 'Laboriosam velit animi enim illum doloremque alias. Aut cum nisi ut corrupti. Enim in consequatur dolores maxime quidem. Quod dolorum hic natus.', '0', '2018-05-14 07:36:28', '2018-05-14 07:36:28');
INSERT INTO `reviews` VALUES ('165', '37', 'Omari Hane', 'Id optio incidunt commodi esse. Voluptatem qui sit omnis aut. Qui quis voluptas magnam numquam et.', '3', '2018-05-14 07:36:28', '2018-05-14 07:36:28');
INSERT INTO `reviews` VALUES ('166', '69', 'Melany Schuppe', 'Sit voluptatem iusto voluptatibus eos hic. Atque at eum debitis quas similique. Dolorem labore qui ducimus saepe optio.', '5', '2018-05-14 07:36:28', '2018-05-14 07:36:28');
INSERT INTO `reviews` VALUES ('167', '32', 'Lew Davis', 'Quia explicabo mollitia corporis. Ab unde tempore non velit fugit id esse. Temporibus libero dolore dolorem a qui velit possimus. Veritatis non rem accusantium dolorem.', '4', '2018-05-14 07:36:28', '2018-05-14 07:36:28');
INSERT INTO `reviews` VALUES ('168', '35', 'Harmony Hyatt', 'Aliquid nulla consequatur qui. Harum id qui quod saepe eum ea. Necessitatibus magnam sunt et quod mollitia itaque omnis. Tempora cupiditate qui sint repellat nisi reiciendis ab magni.', '3', '2018-05-14 07:36:28', '2018-05-14 07:36:28');
INSERT INTO `reviews` VALUES ('169', '78', 'Drew Wiza', 'Eaque similique veniam optio nostrum laborum et et veniam. Non officiis minus non aut nostrum repudiandae. Perspiciatis adipisci eaque reiciendis repellendus accusantium dignissimos voluptas. Blanditiis sunt qui laudantium dolorum.', '3', '2018-05-14 07:36:28', '2018-05-14 07:36:28');
INSERT INTO `reviews` VALUES ('170', '56', 'Breanne Ritchie', 'Omnis odit labore assumenda et modi veniam rem. Est neque nisi est dolorem nam. Harum blanditiis hic et dolorum sunt ea id ipsa. Itaque dicta perspiciatis ipsum et.', '2', '2018-05-14 07:36:28', '2018-05-14 07:36:28');
INSERT INTO `reviews` VALUES ('171', '34', 'Frank Abshire', 'Aliquam ipsam consequatur saepe iste ullam nesciunt. Voluptates voluptatum reiciendis temporibus et nihil odio. Amet alias aspernatur dolores et rerum libero repellendus.', '0', '2018-05-14 07:36:28', '2018-05-14 07:36:28');
INSERT INTO `reviews` VALUES ('172', '87', 'Cortez Turner', 'Doloribus esse deserunt ea molestiae fugiat aperiam maxime. Sed libero consequuntur temporibus quis ut.', '4', '2018-05-14 07:36:28', '2018-05-14 07:36:28');
INSERT INTO `reviews` VALUES ('173', '41', 'Dr. Toney Friesen', 'Aut ratione eius rerum voluptatem doloribus eaque aut. Qui et consequatur aperiam dolorem sint est. Fuga modi nihil eum fuga. Est est non quasi qui.', '2', '2018-05-14 07:36:28', '2018-05-14 07:36:28');
INSERT INTO `reviews` VALUES ('174', '11', 'Athena Greenfelder', 'Eius dolor pariatur facere consequatur. Quasi est nulla quis sit nisi non iure. Et doloremque nemo perspiciatis ex commodi eligendi.', '1', '2018-05-14 07:36:28', '2018-05-14 07:36:28');
INSERT INTO `reviews` VALUES ('175', '5', 'Abdiel Kassulke', 'Vel animi rerum explicabo error quidem quasi. Magnam ab perferendis nostrum numquam rerum perspiciatis. Eius alias fugiat est atque nihil.', '4', '2018-05-14 07:36:28', '2018-05-14 07:36:28');
INSERT INTO `reviews` VALUES ('176', '57', 'Prof. Jerad Koss Sr.', 'Quos non id consectetur neque. Eveniet ipsum molestiae architecto architecto omnis voluptate similique. In voluptatem totam qui quidem.', '2', '2018-05-14 07:36:28', '2018-05-14 07:36:28');
INSERT INTO `reviews` VALUES ('177', '61', 'Ora Steuber III', 'Alias explicabo est nobis doloremque optio. Eum temporibus et cumque et quia. Dolores ut ut et delectus amet soluta dolorem. Aut ipsam velit consectetur saepe officia est. Unde ducimus aspernatur dolor dolorem sunt.', '3', '2018-05-14 07:36:28', '2018-05-14 07:36:28');
INSERT INTO `reviews` VALUES ('178', '34', 'Vincenza Moen', 'Amet rerum similique reprehenderit nemo alias. Consequuntur accusantium ut exercitationem nulla impedit facilis dolorem ut. Natus odio aut optio nisi nam dignissimos dignissimos maxime. Nulla totam ullam doloribus nulla dolore.', '3', '2018-05-14 07:36:28', '2018-05-14 07:36:28');
INSERT INTO `reviews` VALUES ('179', '11', 'Christina Kirlin', 'Rerum dolor dolorem delectus molestiae adipisci ab. Sed ut rerum ipsum aut fugiat. Ipsum ut odio voluptatem quia perferendis voluptatem eaque. Totam porro eos repudiandae aliquam.', '3', '2018-05-14 07:36:28', '2018-05-14 07:36:28');
INSERT INTO `reviews` VALUES ('180', '56', 'Adella Rodriguez Jr.', 'Recusandae sit aut sit blanditiis sapiente aperiam illo. Est quia dolor quasi quia. Reprehenderit cum consequuntur atque consequatur. Omnis explicabo voluptas molestiae qui. Earum illo quasi possimus rerum necessitatibus esse nostrum delectus.', '3', '2018-05-14 07:36:28', '2018-05-14 07:36:28');
INSERT INTO `reviews` VALUES ('181', '64', 'Cornell Leuschke', 'Et similique ut similique fuga atque et facilis. Enim corrupti et voluptatem sapiente et eaque odit. Consequatur quia veniam sit. Nihil quos dolorem consequatur saepe asperiores necessitatibus quasi.', '5', '2018-05-14 07:36:28', '2018-05-14 07:36:28');
INSERT INTO `reviews` VALUES ('182', '69', 'Mrs. Joy Bogisich', 'Iste nobis minus quaerat non error ea dolorem dicta. Consectetur et aut hic id. Voluptatem suscipit magni sint qui possimus sed. Quas eius nisi quam mollitia similique.', '0', '2018-05-14 07:36:28', '2018-05-14 07:36:28');
INSERT INTO `reviews` VALUES ('183', '87', 'Mrs. Electa Johns Jr.', 'Nemo accusantium natus pariatur molestiae. Magnam est enim minus sunt voluptatem culpa minus saepe. Quidem ipsam aliquam sit corporis reprehenderit officiis consectetur consequatur.', '1', '2018-05-14 07:36:28', '2018-05-14 07:36:28');
INSERT INTO `reviews` VALUES ('184', '7', 'Nola Bogisich', 'Sit sit laboriosam et dolore sunt et. Repudiandae sed consequatur ut aut cumque. Qui magni et earum perferendis cum.', '3', '2018-05-14 07:36:28', '2018-05-14 07:36:28');
INSERT INTO `reviews` VALUES ('185', '90', 'Shana Orn', 'Nemo quae unde ea. Possimus porro recusandae beatae. Expedita eaque rerum ipsa.', '3', '2018-05-14 07:36:28', '2018-05-14 07:36:28');
INSERT INTO `reviews` VALUES ('186', '54', 'Dr. Lulu Klocko', 'Voluptates veritatis aut ipsum quia et. Itaque repellendus fugit cupiditate sunt a ut et. Non id molestiae fuga. Quas labore voluptatem quasi eos aut suscipit.', '4', '2018-05-14 07:36:28', '2018-05-14 07:36:28');
INSERT INTO `reviews` VALUES ('187', '52', 'Eriberto Dach', 'Consequatur inventore quia assumenda quia esse sunt. Molestiae et aut consequatur dolorum ipsam repudiandae. Qui esse eaque odio quisquam autem. Sit molestiae harum dolor. Id nam unde cumque qui amet aut recusandae.', '2', '2018-05-14 07:36:28', '2018-05-14 07:36:28');
INSERT INTO `reviews` VALUES ('188', '55', 'Cleve Rowe V', 'Dicta minus saepe dicta velit aperiam molestiae quisquam. Ipsa quo sapiente qui. Harum nam est consequatur eos doloribus facilis nostrum.', '3', '2018-05-14 07:36:28', '2018-05-14 07:36:28');
INSERT INTO `reviews` VALUES ('189', '82', 'Derrick Block', 'Earum debitis facilis quo laborum. Suscipit fuga dolor et voluptatem velit debitis similique. Autem sed sit vitae fugiat qui dolor. Ad eligendi soluta magnam nihil. Nihil itaque consequatur natus facere.', '3', '2018-05-14 07:36:28', '2018-05-14 07:36:28');
INSERT INTO `reviews` VALUES ('190', '87', 'Miss Marietta Heaney II', 'Cupiditate debitis quis harum magnam voluptate. Necessitatibus voluptate aut illo error dolor ut quis. Rerum illo consequatur voluptas nostrum quisquam corrupti.', '2', '2018-05-14 07:36:28', '2018-05-14 07:36:28');
INSERT INTO `reviews` VALUES ('191', '78', 'Prof. Elyssa Pfeffer DDS', 'Et quia magni sint est alias et corrupti. Recusandae autem aliquid voluptates tempore quia dolores eius. Laborum impedit sunt molestiae commodi aut dolorum cumque qui. Quam qui aut minus fuga facere unde sit nam. Fugiat ex saepe iure eos nesciunt.', '0', '2018-05-14 07:36:28', '2018-05-14 07:36:28');
INSERT INTO `reviews` VALUES ('192', '45', 'Ollie Lakin', 'Vero iusto consequuntur quam quo laudantium quia. Maxime est magnam quae id itaque aspernatur sunt modi. Vel quisquam ex repellat aliquid est voluptatem magni ipsum. Numquam voluptas facilis reiciendis neque architecto non voluptas. Dolor ab rerum itaque quia.', '4', '2018-05-14 07:36:28', '2018-05-14 07:36:28');
INSERT INTO `reviews` VALUES ('193', '85', 'Conor Ziemann', 'Sit numquam delectus provident nisi neque. Dicta illum omnis hic repellendus adipisci ut. Quo enim qui veniam placeat dicta dolores omnis qui.', '1', '2018-05-14 07:36:28', '2018-05-14 07:36:28');
INSERT INTO `reviews` VALUES ('194', '99', 'Prof. Leonel Senger', 'Cumque laudantium molestiae omnis ipsam. Dolorum praesentium quo sed doloribus quis molestiae ipsam. Numquam odio delectus et aut aut ut provident. Sunt fugit doloribus repellendus pariatur aut et et. Sunt et aut in.', '0', '2018-05-14 07:36:28', '2018-05-14 07:36:28');
INSERT INTO `reviews` VALUES ('195', '28', 'Bell Russel', 'Vel amet modi iste est est voluptatum mollitia. Quia vel aut est nulla delectus maiores ut. Qui nulla possimus impedit atque atque qui et. Minus quibusdam nihil modi provident modi explicabo non.', '0', '2018-05-14 07:36:28', '2018-05-14 07:36:28');
INSERT INTO `reviews` VALUES ('196', '62', 'Prof. Telly Dach MD', 'Ea exercitationem explicabo mollitia itaque. Dolorum totam autem iste. Ea facere aperiam veniam quo culpa exercitationem. Qui et eveniet hic.', '3', '2018-05-14 07:36:28', '2018-05-14 07:36:28');
INSERT INTO `reviews` VALUES ('197', '13', 'Emile Rau', 'Nihil maxime iure temporibus tenetur esse quia sint. Incidunt voluptatem repellendus et excepturi et quidem. Dolore aspernatur quam dolores quo.', '5', '2018-05-14 07:36:28', '2018-05-14 07:36:28');
INSERT INTO `reviews` VALUES ('198', '74', 'Zetta Aufderhar', 'Quos vel nulla repellendus molestias autem. Consequuntur velit occaecati omnis. At aliquam cupiditate vitae est dolorum cum. Velit qui enim reiciendis iure qui.', '1', '2018-05-14 07:36:28', '2018-05-14 07:36:28');
INSERT INTO `reviews` VALUES ('199', '44', 'Larissa Mayert', 'Rem sed et distinctio vel eum vero consequatur. Veritatis quia natus est harum omnis facere aperiam alias. Fugit quia rerum et.', '3', '2018-05-14 07:36:28', '2018-05-14 07:36:28');
INSERT INTO `reviews` VALUES ('200', '67', 'Adriana Ritchie', 'Quia autem suscipit ipsum nobis consectetur. Ut eos quis sunt excepturi. Ipsum quos quia recusandae repellendus neque sed.', '5', '2018-05-14 07:36:28', '2018-05-14 07:36:28');
INSERT INTO `reviews` VALUES ('201', '80', 'Mr. Norwood Kuhlman', 'Harum nostrum facilis earum aut. Odit rerum quas molestiae libero autem maiores. Mollitia repellendus sit modi eum accusantium libero. Ipsum maiores fugit sequi labore placeat rerum minus.', '5', '2018-05-14 07:36:28', '2018-05-14 07:36:28');
INSERT INTO `reviews` VALUES ('202', '34', 'Maya Gaylord', 'Doloremque eos officia culpa sapiente cupiditate beatae adipisci. Perferendis enim est voluptatibus vero. Delectus deserunt magnam fugit quasi dolor. Rerum id delectus quis fugit necessitatibus illum consequatur aut.', '5', '2018-05-14 07:36:28', '2018-05-14 07:36:28');
INSERT INTO `reviews` VALUES ('203', '41', 'Prof. Osborne Hintz V', 'Veniam soluta labore minima dolorem. Molestiae dolores omnis sunt sit eum nihil. Ea architecto rerum unde quas amet et ipsum. Esse ullam exercitationem accusamus.', '5', '2018-05-14 07:36:28', '2018-05-14 07:36:28');
INSERT INTO `reviews` VALUES ('204', '53', 'Josue Hills MD', 'Officiis explicabo tempora eos molestiae molestiae ratione eaque. Omnis et et consequatur id nisi doloribus. Cum consequatur voluptas et ut velit quidem ipsa. Eos facere ut blanditiis officia.', '4', '2018-05-14 07:36:28', '2018-05-14 07:36:28');
INSERT INTO `reviews` VALUES ('205', '55', 'Kirstin Schumm', 'Laboriosam quibusdam dolorem dolores sit dolorem illo. Enim quae cumque et eum explicabo fugit esse. Aut veniam quo vel.', '3', '2018-05-14 07:36:28', '2018-05-14 07:36:28');
INSERT INTO `reviews` VALUES ('206', '25', 'Gabriel Mills', 'Quaerat omnis quia quisquam voluptate odit. Quidem tempora explicabo veniam. Quo iste cupiditate beatae autem maiores corporis. Ipsum ratione vero assumenda animi non.', '4', '2018-05-14 07:36:28', '2018-05-14 07:36:28');
INSERT INTO `reviews` VALUES ('207', '52', 'Brice Hackett DDS', 'Nam accusamus architecto assumenda quae quo. Et et iusto quae temporibus nesciunt consequatur.', '4', '2018-05-14 07:36:28', '2018-05-14 07:36:28');
INSERT INTO `reviews` VALUES ('208', '20', 'Gertrude Graham MD', 'Praesentium sint libero architecto dicta in odit numquam voluptas. Veritatis at autem placeat. Quo quaerat iusto libero.', '0', '2018-05-14 07:36:28', '2018-05-14 07:36:28');
INSERT INTO `reviews` VALUES ('209', '54', 'Reed Olson', 'Aut maxime at numquam voluptatem nam quas. Et dolores deleniti sed iusto molestiae. Numquam inventore consequatur et consequatur sunt.', '2', '2018-05-14 07:36:28', '2018-05-14 07:36:28');
INSERT INTO `reviews` VALUES ('210', '74', 'Harrison Howe', 'Architecto perferendis est aut aut. Ipsa commodi rerum doloremque et. Aut alias aut amet vero ducimus non. Explicabo ut est excepturi est.', '2', '2018-05-14 07:36:28', '2018-05-14 07:36:28');
INSERT INTO `reviews` VALUES ('211', '89', 'Alek Effertz', 'Cum quis assumenda porro est qui. Illum quam quo explicabo nobis quas esse corporis. Et voluptatum aliquam voluptate voluptas tenetur ut distinctio. Dolor enim inventore laudantium quaerat.', '4', '2018-05-14 07:36:28', '2018-05-14 07:36:28');
INSERT INTO `reviews` VALUES ('212', '16', 'Elizabeth Schuppe', 'Voluptate veritatis minima quam fuga voluptatem sit. Optio voluptate consequatur veniam.', '5', '2018-05-14 07:36:28', '2018-05-14 07:36:28');
INSERT INTO `reviews` VALUES ('213', '82', 'Liza Wiza', 'Iure perferendis eum magni iste eligendi. Nulla minima porro qui. Magnam veritatis eos in quas et beatae non libero.', '1', '2018-05-14 07:36:28', '2018-05-14 07:36:28');
INSERT INTO `reviews` VALUES ('214', '74', 'Josue Fay', 'Facere aut mollitia quasi. Qui magnam non suscipit dicta numquam et repellat. Modi sequi corporis voluptas quas odit cum. Repudiandae repellendus quisquam facere voluptates qui commodi tempora.', '5', '2018-05-14 07:36:28', '2018-05-14 07:36:28');
INSERT INTO `reviews` VALUES ('215', '36', 'Prof. Donald Nienow DDS', 'Dolorem laudantium quam assumenda quis aut non tempore. Sit harum magnam sunt quia. Maxime quia consequatur nostrum architecto earum. Mollitia esse fugiat aut earum sed vitae.', '4', '2018-05-14 07:36:28', '2018-05-14 07:36:28');
INSERT INTO `reviews` VALUES ('216', '66', 'Johanna Gleason', 'Dolor cumque laudantium non nobis. Rerum consequatur incidunt asperiores et. Sint ab aut eius nam optio.', '4', '2018-05-14 07:36:28', '2018-05-14 07:36:28');
INSERT INTO `reviews` VALUES ('217', '94', 'Theron Dach', 'Officia dolorum laborum perferendis quis cupiditate. Saepe repudiandae quaerat aut numquam nesciunt. Aliquid illo at eos et temporibus perspiciatis est. Aliquam ut tempore voluptas.', '3', '2018-05-14 07:36:28', '2018-05-14 07:36:28');
INSERT INTO `reviews` VALUES ('218', '10', 'Rosina Lueilwitz', 'Illum est totam commodi quisquam. Aliquid labore at quis et veniam. Consectetur voluptas quaerat voluptas. Vero quae libero ad perferendis rerum dolorum.', '0', '2018-05-14 07:36:28', '2018-05-14 07:36:28');
INSERT INTO `reviews` VALUES ('219', '36', 'Hobart Emard', 'Aut repellendus quia doloribus. Totam odit et eveniet nemo quaerat et sint. Quia blanditiis autem beatae corrupti. Consequatur dolorem ut et aut aut illo.', '1', '2018-05-14 07:36:28', '2018-05-14 07:36:28');
INSERT INTO `reviews` VALUES ('220', '87', 'Pattie Orn', 'Ex adipisci nobis ipsum dolores quae id. Laborum aut soluta omnis veniam similique non necessitatibus. Quidem ex dolore maxime tempora sequi nulla. Eum eaque sint quo unde.', '4', '2018-05-14 07:36:28', '2018-05-14 07:36:28');
INSERT INTO `reviews` VALUES ('221', '46', 'Hortense Huel', 'Id ea fugiat corrupti dolores. Suscipit porro quia nostrum laboriosam. Eius quis facere aut in sit alias porro.', '3', '2018-05-14 07:36:28', '2018-05-14 07:36:28');
INSERT INTO `reviews` VALUES ('222', '70', 'Karen Satterfield V', 'Consequuntur qui officia exercitationem magni perspiciatis inventore. Maxime velit neque eum et. Commodi qui id adipisci blanditiis amet.', '2', '2018-05-14 07:36:28', '2018-05-14 07:36:28');
INSERT INTO `reviews` VALUES ('223', '48', 'Cathy Jakubowski', 'Voluptatum dolores natus fugit aut. Non nisi enim voluptates repudiandae ea placeat. Quos cumque quasi laboriosam adipisci suscipit.', '1', '2018-05-14 07:36:28', '2018-05-14 07:36:28');
INSERT INTO `reviews` VALUES ('224', '45', 'Prof. Selina Goodwin DDS', 'Rerum quos aut doloribus porro et dolorem non. Iure vel dicta nobis eligendi distinctio ea cum. Magni quaerat blanditiis dicta ea quidem vel.', '1', '2018-05-14 07:36:28', '2018-05-14 07:36:28');
INSERT INTO `reviews` VALUES ('225', '80', 'Dr. Cordie Mayer II', 'Et culpa inventore necessitatibus ut nostrum laudantium quos sunt. Vero quibusdam minus voluptatem eligendi consequatur fugit. Tenetur ea aut aut repudiandae.', '4', '2018-05-14 07:36:28', '2018-05-14 07:36:28');
INSERT INTO `reviews` VALUES ('226', '74', 'Mrs. Margie Beier V', 'Dolor rem mollitia incidunt adipisci. Quibusdam laborum itaque soluta quos quia. Voluptatem sed nostrum nihil dolor aperiam provident est.', '3', '2018-05-14 07:36:28', '2018-05-14 07:36:28');
INSERT INTO `reviews` VALUES ('227', '17', 'Madilyn Legros', 'Odit sed aut ut quo itaque. Aut est magnam veniam excepturi nam et. Vel deleniti hic est officia cumque et repudiandae harum.', '5', '2018-05-14 07:36:28', '2018-05-14 07:36:28');
INSERT INTO `reviews` VALUES ('228', '96', 'Corene Beer', 'Sed atque facere dolor expedita rem quasi numquam impedit. Fugiat iusto qui minus voluptas nihil. Est et sint tenetur. Odit praesentium et eos aperiam voluptatem.', '2', '2018-05-14 07:36:28', '2018-05-14 07:36:28');
INSERT INTO `reviews` VALUES ('229', '13', 'Finn Smitham', 'Totam voluptates quae velit. Qui totam ratione dolorem aut suscipit quia aut itaque. Distinctio assumenda officiis aut at quas commodi quod. Voluptatibus minus aperiam sapiente.', '0', '2018-05-14 07:36:28', '2018-05-14 07:36:28');
INSERT INTO `reviews` VALUES ('230', '41', 'Thurman D\'Amore', 'Sint quibusdam tenetur iusto delectus molestiae excepturi dolorem. Et cupiditate repellat quaerat qui. Sunt repudiandae nisi eum sapiente consequatur inventore molestiae rem. Quas sed non et quia illo optio et.', '4', '2018-05-14 07:36:28', '2018-05-14 07:36:28');
INSERT INTO `reviews` VALUES ('231', '40', 'Alycia Kuvalis', 'Corporis aut ut deserunt eum dolorem. Sint enim quo iure modi voluptatem libero dolores. Nostrum eaque et rerum nisi veritatis.', '4', '2018-05-14 07:36:28', '2018-05-14 07:36:28');
INSERT INTO `reviews` VALUES ('232', '27', 'Dr. Sydney Klein MD', 'Sed non laborum recusandae placeat dolores tenetur. Blanditiis quasi qui corrupti non. Voluptatem architecto sequi libero libero in.', '3', '2018-05-14 07:36:28', '2018-05-14 07:36:28');
INSERT INTO `reviews` VALUES ('233', '53', 'Jacquelyn Heller', 'Eveniet ea quis veniam. Aut sequi aut doloremque et. Id odio vero natus nisi.', '0', '2018-05-14 07:36:28', '2018-05-14 07:36:28');
INSERT INTO `reviews` VALUES ('234', '24', 'Providenci Conn', 'Rem magnam iusto non fugit. Eligendi sit consequatur eligendi asperiores esse fugit nobis.', '1', '2018-05-14 07:36:28', '2018-05-14 07:36:28');
INSERT INTO `reviews` VALUES ('235', '22', 'Mr. Hilbert King', 'Consequatur veniam magni illum aut inventore occaecati recusandae. Illo sed id ratione rerum. Inventore commodi ipsam deserunt explicabo. Sunt omnis suscipit atque dolorum ut.', '3', '2018-05-14 07:36:28', '2018-05-14 07:36:28');
INSERT INTO `reviews` VALUES ('236', '52', 'Terrill Muller', 'Quibusdam accusantium non enim qui voluptatibus amet. Rem iure ut tempora ut velit. Quas aperiam expedita eum quidem.', '2', '2018-05-14 07:36:28', '2018-05-14 07:36:28');
INSERT INTO `reviews` VALUES ('237', '79', 'Dr. Alanis Robel', 'Eos quo eos laborum aut. Harum sunt sunt ex aut necessitatibus sit blanditiis voluptates. Earum delectus in veniam sunt iste.', '3', '2018-05-14 07:36:28', '2018-05-14 07:36:28');
INSERT INTO `reviews` VALUES ('238', '16', 'Prof. Niko Hartmann', 'Quas quibusdam minus qui non non. Iusto error in voluptatem est eos qui quam similique. Quo dignissimos repudiandae ab illo voluptate nam.', '1', '2018-05-14 07:36:28', '2018-05-14 07:36:28');
INSERT INTO `reviews` VALUES ('239', '70', 'Alford Erdman', 'Natus labore delectus perferendis sit. Voluptas ut sit sunt dolorem nulla. Magni dignissimos tenetur non ab iste. Quam odio beatae odio. Sunt eius enim at ducimus vitae numquam.', '4', '2018-05-14 07:36:28', '2018-05-14 07:36:28');
INSERT INTO `reviews` VALUES ('240', '98', 'Mr. Zachariah Casper', 'Quia dolores natus similique voluptas. Officia rerum fugit et omnis. Animi hic dolores molestiae perferendis est suscipit tempora quia.', '0', '2018-05-14 07:36:28', '2018-05-14 07:36:28');
INSERT INTO `reviews` VALUES ('241', '24', 'Darien Anderson', 'Dolorem error et eos perspiciatis. Ratione exercitationem fugiat ipsum consequatur reiciendis culpa. Quo similique dignissimos eos deleniti. Assumenda totam qui libero aut.', '4', '2018-05-14 07:36:28', '2018-05-14 07:36:28');
INSERT INTO `reviews` VALUES ('242', '34', 'Dr. Tyrique Labadie', 'Officia quas deleniti architecto asperiores. Quo omnis dignissimos recusandae velit. Autem dolorum voluptatum ab facilis vel occaecati eos. Consequatur aut veniam provident quidem. Amet ea corrupti nemo.', '5', '2018-05-14 07:36:28', '2018-05-14 07:36:28');
INSERT INTO `reviews` VALUES ('243', '66', 'Xzavier Dickens', 'Qui suscipit praesentium deserunt. Quo sed totam voluptas distinctio et ut et. Aut sunt omnis animi temporibus voluptatem. Sit minima magni et est qui eius.', '4', '2018-05-14 07:36:28', '2018-05-14 07:36:28');
INSERT INTO `reviews` VALUES ('244', '49', 'Brigitte Gutkowski', 'Aut temporibus aut doloribus quaerat quis ipsam. Numquam quo debitis distinctio odio iusto accusamus. Autem laboriosam voluptas saepe.', '0', '2018-05-14 07:36:28', '2018-05-14 07:36:28');
INSERT INTO `reviews` VALUES ('245', '50', 'Mrs. Daija Jacobi Jr.', 'Quibusdam tenetur tempora praesentium necessitatibus amet quis vero. Aliquid tempora cupiditate pariatur eum sed quaerat. Accusantium ipsum blanditiis id voluptatem excepturi dolorum. Repellendus illum et reprehenderit architecto distinctio eligendi quia. Praesentium laboriosam tempora sunt iusto voluptatum.', '2', '2018-05-14 07:36:28', '2018-05-14 07:36:28');
INSERT INTO `reviews` VALUES ('246', '33', 'Mortimer Windler', 'Dolorem illo dolores velit natus. Cum deserunt architecto cupiditate dicta temporibus consequatur. Sed recusandae dicta neque rerum. Vel voluptas magni eveniet ipsam aliquid deleniti eos.', '4', '2018-05-14 07:36:28', '2018-05-14 07:36:28');
INSERT INTO `reviews` VALUES ('247', '14', 'Mrs. Eleonore Auer', 'Quo consequatur est reprehenderit sequi ipsam officia mollitia. Non rerum eos cupiditate. Inventore et veritatis et voluptatum voluptates repellendus incidunt pariatur.', '2', '2018-05-14 07:36:28', '2018-05-14 07:36:28');
INSERT INTO `reviews` VALUES ('248', '68', 'Bethany Swift', 'Esse eum magnam minima atque molestias est. Est et deleniti quis animi ipsa sit. Magni ipsa ut magni vitae.', '0', '2018-05-14 07:36:28', '2018-05-14 07:36:28');
INSERT INTO `reviews` VALUES ('249', '89', 'Laron King', 'Id reprehenderit maiores maxime explicabo soluta. Aut non omnis quod sapiente eos quasi neque. Omnis omnis quos et nam.', '0', '2018-05-14 07:36:28', '2018-05-14 07:36:28');
INSERT INTO `reviews` VALUES ('250', '13', 'Electa Lynch', 'Quo aut nisi consectetur voluptatem. Ducimus officiis dolores hic occaecati aperiam et. Quia dolorem sit doloribus voluptatem quia ex.', '2', '2018-05-14 07:36:28', '2018-05-14 07:36:28');
INSERT INTO `reviews` VALUES ('251', '43', 'Mr. Kian Weber III', 'Occaecati esse in facere quia voluptates. Amet pariatur et vel et quibusdam neque non. Dolorum quaerat facilis dicta sed sequi molestiae.', '3', '2018-05-14 07:36:28', '2018-05-14 07:36:28');
INSERT INTO `reviews` VALUES ('252', '16', 'Dr. Devan DuBuque MD', 'Doloremque ut corporis inventore. Repellendus et deleniti corporis iure in. Alias nesciunt perspiciatis a dignissimos qui autem.', '1', '2018-05-14 07:36:28', '2018-05-14 07:36:28');
INSERT INTO `reviews` VALUES ('253', '83', 'Meagan Bosco', 'Omnis dolorem sequi quidem quisquam. Error quisquam nobis porro enim nesciunt magni ad quia.', '4', '2018-05-14 07:36:28', '2018-05-14 07:36:28');
INSERT INTO `reviews` VALUES ('254', '16', 'Gretchen Leuschke DDS', 'Aperiam distinctio at iste eum voluptas ut aut. Aut ut earum qui repellat tenetur tenetur. Aut dolorem in vel unde rerum labore minima. Voluptatibus quam perferendis aut debitis.', '2', '2018-05-14 07:36:28', '2018-05-14 07:36:28');
INSERT INTO `reviews` VALUES ('255', '48', 'Lottie Jerde', 'Dolores accusantium est dolores commodi est. Fugit assumenda iste et quo sequi quam optio. Non laborum laudantium ea incidunt. Odio sit quia est odit.', '5', '2018-05-14 07:36:28', '2018-05-14 07:36:28');
INSERT INTO `reviews` VALUES ('256', '37', 'Kathlyn Nolan', 'Rem laborum sed veniam quos expedita quibusdam rem. Enim tempore libero consequuntur rem impedit repellendus fugiat. Qui dolor et quod commodi maxime. Et ut architecto qui et nulla maiores eaque.', '5', '2018-05-14 07:36:28', '2018-05-14 07:36:28');
INSERT INTO `reviews` VALUES ('257', '43', 'Elyssa Braun', 'Aut ex accusamus voluptatem est. Assumenda adipisci unde id magnam. Dolor pariatur rerum at quo at tempora.', '2', '2018-05-14 07:36:28', '2018-05-14 07:36:28');
INSERT INTO `reviews` VALUES ('258', '76', 'Hailey Hegmann', 'Qui sed id voluptatem aliquam repellat distinctio quod. Necessitatibus aut saepe eum ex et itaque tempore. Aliquid nisi error distinctio molestiae. Illum pariatur ut asperiores consequuntur eveniet eligendi.', '2', '2018-05-14 07:36:28', '2018-05-14 07:36:28');
INSERT INTO `reviews` VALUES ('259', '46', 'Shana Satterfield', 'Nihil facilis et est rerum illo est. Est amet doloribus rerum labore.', '3', '2018-05-14 07:36:28', '2018-05-14 07:36:28');
INSERT INTO `reviews` VALUES ('260', '62', 'Prof. Grayce Stamm IV', 'Est architecto tempora error impedit aspernatur voluptatibus tenetur. Voluptatem quae magnam itaque quo omnis aut. Fugit excepturi ad dicta atque.', '4', '2018-05-14 07:36:28', '2018-05-14 07:36:28');
INSERT INTO `reviews` VALUES ('261', '58', 'Donnie Reilly', 'Tempore eum perspiciatis hic expedita explicabo est nesciunt. Doloremque quia et blanditiis magnam illo ut.', '1', '2018-05-14 07:36:28', '2018-05-14 07:36:28');
INSERT INTO `reviews` VALUES ('262', '10', 'Nat Greenfelder Sr.', 'Ut modi officia consequatur et et animi. Consequatur quaerat assumenda aut cupiditate natus earum saepe.', '0', '2018-05-14 07:36:28', '2018-05-14 07:36:28');
INSERT INTO `reviews` VALUES ('263', '97', 'Veda Swift', 'Libero nesciunt totam et voluptate. Iusto sunt voluptatem et doloribus ducimus blanditiis provident ut. Mollitia voluptatem mollitia sunt eius. Aliquid asperiores et voluptatem blanditiis officiis voluptatem rerum qui. Deleniti numquam ea voluptas labore esse.', '0', '2018-05-14 07:36:29', '2018-05-14 07:36:29');
INSERT INTO `reviews` VALUES ('264', '40', 'Dr. Zack Pouros', 'Nulla reiciendis temporibus voluptatem suscipit sunt expedita fugit. Dolorum ullam at est suscipit dolorum eos eum voluptates. Voluptate asperiores molestias vel labore natus.', '3', '2018-05-14 07:36:29', '2018-05-14 07:36:29');
INSERT INTO `reviews` VALUES ('265', '1', 'Jacklyn Huel Sr.', 'Suscipit et harum dolorum vitae qui sit tenetur. Ut a est molestias velit velit aperiam neque. Dolorem animi quod voluptas consequatur quis facilis. Nihil earum alias omnis.', '2', '2018-05-14 07:36:29', '2018-05-14 07:36:29');
INSERT INTO `reviews` VALUES ('266', '69', 'Cali Kohler', 'Sed eaque nemo consectetur iure sunt eveniet ipsam. Fugiat corporis eligendi atque sit. Asperiores sunt vel dolorum occaecati.', '2', '2018-05-14 07:36:29', '2018-05-14 07:36:29');
INSERT INTO `reviews` VALUES ('267', '39', 'Ariel Kertzmann', 'Et rem at quis facere ab neque voluptatem delectus. Esse autem ipsam accusamus dolorem voluptates nihil nostrum. Necessitatibus expedita voluptatum rem omnis.', '3', '2018-05-14 07:36:29', '2018-05-14 07:36:29');
INSERT INTO `reviews` VALUES ('268', '24', 'Mr. Wilford Tillman IV', 'Ipsam earum non et consequuntur. Quasi ducimus ea aliquam assumenda. Rem molestiae nulla repudiandae in et amet ut non. Aut quo est id quia. Qui et minus eum rerum aut voluptatem doloremque.', '5', '2018-05-14 07:36:29', '2018-05-14 07:36:29');
INSERT INTO `reviews` VALUES ('269', '72', 'Gabe Bernier', 'Consequatur occaecati placeat ex id. Accusamus veniam ullam numquam ipsum et. Placeat explicabo aut repudiandae iste. Ipsa accusamus amet dolorem quis magnam est quis.', '1', '2018-05-14 07:36:29', '2018-05-14 07:36:29');
INSERT INTO `reviews` VALUES ('270', '94', 'Prof. Sandrine Kiehn V', 'Id iste ad repellat eos odio ea aut odio. Totam tempore eum ratione et accusamus. Tenetur impedit sed et nihil. Sit ab sit eveniet. Mollitia aut vel cumque qui ut quia omnis.', '0', '2018-05-14 07:36:29', '2018-05-14 07:36:29');
INSERT INTO `reviews` VALUES ('271', '23', 'Liam Feest', 'Ratione quod et impedit consequatur ea aspernatur. Quis vitae aperiam omnis maiores omnis est. Doloribus quo ipsam qui ex quod. Voluptates illum consequatur repellendus et deleniti.', '4', '2018-05-14 07:36:29', '2018-05-14 07:36:29');
INSERT INTO `reviews` VALUES ('272', '39', 'Doyle Gaylord', 'Enim laudantium pariatur dolorem delectus eos. Laudantium quod quasi illum suscipit beatae ut similique. Quia architecto voluptatem totam. Esse iusto dolore cum animi et rerum.', '2', '2018-05-14 07:36:29', '2018-05-14 07:36:29');
INSERT INTO `reviews` VALUES ('273', '6', 'Jairo Rolfson', 'Vitae suscipit minima corporis quam consectetur ea. Autem saepe exercitationem est unde.', '1', '2018-05-14 07:36:29', '2018-05-14 07:36:29');
INSERT INTO `reviews` VALUES ('274', '23', 'Dr. Olin D\'Amore', 'Unde adipisci quo sint cum pariatur. Ullam velit ut voluptatem sunt eligendi nobis. Quos dolore quae et voluptas nulla et repellat. Temporibus quidem molestiae molestias voluptas.', '2', '2018-05-14 07:36:29', '2018-05-14 07:36:29');
INSERT INTO `reviews` VALUES ('275', '90', 'Miss Ettie Hermiston V', 'Nihil a exercitationem tempore occaecati sed tempora molestias suscipit. Provident fugiat consequatur tenetur sint sint. Maiores magnam placeat fugit. Quibusdam placeat tenetur aliquid officia dolorem.', '0', '2018-05-14 07:36:29', '2018-05-14 07:36:29');
INSERT INTO `reviews` VALUES ('276', '82', 'Zion Deckow', 'Et omnis magni commodi ratione ut. Facere quibusdam qui sequi est. Quia ut qui eligendi. Autem quo error repudiandae ipsum autem quaerat molestiae.', '5', '2018-05-14 07:36:29', '2018-05-14 07:36:29');
INSERT INTO `reviews` VALUES ('277', '52', 'Prof. Lucy Rempel', 'Beatae assumenda dicta ad temporibus quod eum. Aut aperiam dolor inventore et. Quia vel et voluptatem. Vel quod qui aut et totam quia.', '3', '2018-05-14 07:36:29', '2018-05-14 07:36:29');
INSERT INTO `reviews` VALUES ('278', '69', 'Jaida Kutch', 'Aspernatur et aut consequatur aut non at optio. Deleniti aut voluptatem minus. Minima dolore eos voluptatum corporis dolorem. Sit possimus vel exercitationem maiores et doloribus iusto.', '3', '2018-05-14 07:36:29', '2018-05-14 07:36:29');
INSERT INTO `reviews` VALUES ('279', '41', 'Mrs. Kayla Ferry Jr.', 'Consequatur distinctio soluta iste at vitae. Est rem iusto quaerat neque dolor reiciendis labore. Vel dolores dicta beatae voluptatibus.', '1', '2018-05-14 07:36:29', '2018-05-14 07:36:29');
INSERT INTO `reviews` VALUES ('280', '93', 'Helmer Cronin', 'Occaecati ea delectus eos et numquam. Dolores debitis aut excepturi enim consequuntur. Id est non quae atque quasi. Asperiores ut hic blanditiis voluptas fugiat.', '4', '2018-05-14 07:36:29', '2018-05-14 07:36:29');
INSERT INTO `reviews` VALUES ('281', '21', 'Maximilian Sawayn', 'Et sed voluptatibus sed quas. Quia quas sed aliquid eligendi. Et iure autem sapiente omnis ad libero. Et quidem soluta in quo similique.', '3', '2018-05-14 07:36:29', '2018-05-14 07:36:29');
INSERT INTO `reviews` VALUES ('282', '55', 'Halie Reichel', 'Eveniet suscipit sint excepturi alias debitis. Voluptatum accusantium molestiae aliquid aperiam. Iure odio ea praesentium nostrum.', '5', '2018-05-14 07:36:29', '2018-05-14 07:36:29');
INSERT INTO `reviews` VALUES ('283', '98', 'Oral Cummings DDS', 'Fuga est nostrum modi voluptatem fugiat. Accusantium perspiciatis corporis aut. Libero rerum eaque similique nesciunt et. In dolore aut et ab quaerat.', '5', '2018-05-14 07:36:29', '2018-05-14 07:36:29');
INSERT INTO `reviews` VALUES ('284', '62', 'Henry Johnson III', 'Voluptates nesciunt numquam totam molestias nisi iusto quia fugit. Corrupti sint ut ab consequatur. Sed eos praesentium voluptas amet vel voluptates rerum corrupti. Vel fuga error pariatur quia.', '1', '2018-05-14 07:36:29', '2018-05-14 07:36:29');
INSERT INTO `reviews` VALUES ('285', '25', 'Dr. Hailie Konopelski V', 'Iure et tempora corrupti similique fugiat sint quisquam qui. Omnis dolor odio quasi quas. Tempora rem molestias sit exercitationem totam et nostrum quae.', '1', '2018-05-14 07:36:29', '2018-05-14 07:36:29');
INSERT INTO `reviews` VALUES ('286', '64', 'Erica Walter DVM', 'Eum ut dolor tempore itaque necessitatibus possimus. Deserunt perferendis repellat aliquam dolorem. Rerum delectus asperiores vel porro est est corrupti quo.', '3', '2018-05-14 07:36:29', '2018-05-14 07:36:29');
INSERT INTO `reviews` VALUES ('287', '85', 'Prof. Victor Stoltenberg', 'Corrupti ipsum reiciendis mollitia quia reprehenderit officiis. Reprehenderit quod tenetur molestias rerum adipisci aut. Non illo enim hic voluptatum cum. Molestias rem earum qui mollitia dolor.', '4', '2018-05-14 07:36:29', '2018-05-14 07:36:29');
INSERT INTO `reviews` VALUES ('288', '48', 'Trace Gibson', 'Ut laboriosam ut optio itaque. Quia iure consequatur omnis et. Laboriosam sunt maiores libero ut totam voluptates ut dolores.', '3', '2018-05-14 07:36:29', '2018-05-14 07:36:29');
INSERT INTO `reviews` VALUES ('289', '98', 'Nova Glover', 'Voluptatem blanditiis est qui non provident ipsam reiciendis. Aut voluptatem dolores consequuntur assumenda ex. Iure omnis voluptatem et earum ratione molestiae.', '0', '2018-05-14 07:36:29', '2018-05-14 07:36:29');
INSERT INTO `reviews` VALUES ('290', '26', 'Aiden Bartoletti', 'Laborum quo odit ad nihil. Ut nostrum quae et qui aut doloremque numquam. Est omnis voluptate excepturi soluta dolorem voluptatem laudantium. Quia praesentium aliquam vel necessitatibus quis facilis.', '2', '2018-05-14 07:36:29', '2018-05-14 07:36:29');
INSERT INTO `reviews` VALUES ('291', '69', 'Joan Beahan', 'Aut molestiae alias placeat consequuntur. Quod odit saepe cupiditate ducimus enim est minima suscipit. Et laborum qui eveniet minus voluptatum quidem accusantium.', '2', '2018-05-14 07:36:29', '2018-05-14 07:36:29');
INSERT INTO `reviews` VALUES ('292', '55', 'Shakira Steuber', 'Nulla in eum at autem quas repellat quos. Repudiandae officiis nisi quo optio et non dolorem.', '2', '2018-05-14 07:36:29', '2018-05-14 07:36:29');
INSERT INTO `reviews` VALUES ('293', '64', 'Emmitt Rohan', 'Et et sunt molestiae nostrum. Iure sit iste nesciunt iure blanditiis molestias. Ea odit tempora expedita ab.', '0', '2018-05-14 07:36:29', '2018-05-14 07:36:29');
INSERT INTO `reviews` VALUES ('294', '94', 'Lula Volkman', 'Repudiandae nostrum distinctio totam adipisci. Ad delectus minus aperiam mollitia. Id magni corporis sapiente nihil velit.', '0', '2018-05-14 07:36:29', '2018-05-14 07:36:29');
INSERT INTO `reviews` VALUES ('295', '30', 'Furman Hermann MD', 'Doloremque consequuntur cum soluta corporis ipsum. At non placeat aut consequatur quia minus. Sunt iste id autem molestiae. Officiis eveniet est eum odit.', '4', '2018-05-14 07:36:29', '2018-05-14 07:36:29');
INSERT INTO `reviews` VALUES ('296', '59', 'Precious Brakus', 'Suscipit illum unde minima rerum quis consequatur enim. Ut autem impedit illo natus pariatur odit aspernatur. Eaque porro earum quod quod.', '5', '2018-05-14 07:36:29', '2018-05-14 07:36:29');
INSERT INTO `reviews` VALUES ('297', '82', 'Cleo Pagac', 'Voluptate nihil quia voluptatem dolorum neque magnam facilis. Quibusdam aut maxime recusandae adipisci facilis aliquam modi. Ut sed aut vero. Cupiditate libero placeat dolorum repellendus.', '5', '2018-05-14 07:36:29', '2018-05-14 07:36:29');
INSERT INTO `reviews` VALUES ('298', '87', 'Mallory Turner', 'Molestiae delectus nulla laudantium. Ut maiores repellendus voluptatem nostrum quaerat ut consequatur. Dolore consequatur error optio quo.', '0', '2018-05-14 07:36:29', '2018-05-14 07:36:29');
INSERT INTO `reviews` VALUES ('299', '56', 'Mekhi Adams III', 'Incidunt et aut sint assumenda sint ducimus aut. Sunt in sunt deserunt incidunt nihil culpa nemo voluptates. Voluptatem eum ut est animi aspernatur qui.', '5', '2018-05-14 07:36:29', '2018-05-14 07:36:29');
INSERT INTO `reviews` VALUES ('300', '44', 'Giovani Funk III', 'Aut vel repudiandae consequuntur porro omnis aliquam non. Ut quisquam rerum excepturi aut. Nihil et modi molestiae maiores molestiae dolores.', '0', '2018-05-14 07:36:29', '2018-05-14 07:36:29');

-- ----------------------------
-- Table structure for users
-- ----------------------------
DROP TABLE IF EXISTS `users`;
CREATE TABLE `users` (
  `id` int(10) unsigned NOT NULL AUTO_INCREMENT,
  `name` varchar(191) COLLATE utf8mb4_unicode_ci NOT NULL,
  `email` varchar(191) COLLATE utf8mb4_unicode_ci NOT NULL,
  `password` varchar(191) COLLATE utf8mb4_unicode_ci NOT NULL,
  `remember_token` varchar(100) COLLATE utf8mb4_unicode_ci DEFAULT NULL,
  `created_at` timestamp NULL DEFAULT NULL,
  `updated_at` timestamp NULL DEFAULT NULL,
  PRIMARY KEY (`id`),
  UNIQUE KEY `users_email_unique` (`email`)
) ENGINE=InnoDB DEFAULT CHARSET=utf8mb4 COLLATE=utf8mb4_unicode_ci;

-- ----------------------------
-- Records of users
-- ----------------------------
